product_id,product_key,object_id,display_sku,product_name,display_name,brand,lowest_original_price,highest_original_price,lowest_price,highest_price,lowest_discounted_price,highest_discounted_price,in_stock,is_new,on_sale,availability,active_variant_count,fiber,yarn_weight,yarn_content,color_family,content,color_code,knitting_needles,knit_gauge,crochet_hook,crochet_gauge,skein_weight,skein_yardage,quantity,care_instructions,department,category,subcategory,rating_average,rating_count,product_url,image_url,description,days_online,last_modified_at
63498b1b-d173-45c5-874d-d437fdbb8b42,YN20120,96097,331769,I Love This Yarn,353 Menthe - I Love This Yarn,I Love this Yarn,4.99,4.99,3.49,4.99,3.49,3.49,True,False,True,BOTH,66,100% Acrylic,4 - Medium,Acrylic,green,100% Acrylic,353 Menthe,5mm (USA Size: 8 - UK Size: 6),"18 Stitches x 23 Rows = 4"" x 4""",5.5mm (USA Size: I-9 - UK Size: 5),"12 Single Crochet x 15 Rows = 4"" x 4""",7 Ounces,355 Yards,1,"Machine Wash, Warm | Machine Dry | Do Not Iron | Do Not Bleach | Dry Cleanable, Any Solvent",Yarn & Needle Art,Yarn & Tools,Yarn,4.4993,1430,https://www.hobbylobby.com/yarn-needle-art/yarn-tools/yarn/i-love-this-yarn/p/yn20120,https://cdn.media.amplience.net/s/hobbylobby/331769-96097-02142025-IMGSET,"Take your knitting and crochet skills to a new level of softness with this I Love This Yarn. Featuring a gorgeous color, this yarn is perfect for hats, scarves, shawls, sweaters, afghans, and much more. Make a one-of-a-kind creation with this beautiful yarn! Note: We are aware of the importance of dye lots and make every effort to pull the same dye lot on orders for multiple skeins of yarn; however, we are unable to guarantee all skeins will be the same dye lot.",4147.0,2026-05-10T05:11:13.365Z
990d04ea-ded8-4247-b8c3-a26d2bd8ce3b,YN20230,35534,267369,Baby Bee Sweet Delight Twist Yarn,Baby Bee Sweet Delight Twist Yarn,Baby Bee,6.49,6.49,4.54,6.49,4.54,4.54,True,False,True,BOTH,1,85% Acrylic & 15% Polyamide,5 - Bulky,"Polyamide Blend, Acrylic Blend",blue,85% Acrylic & 15% Polyamide,90 Bare Blue,6mm (USA Size: 10 - UK Size: 4),"21 Stitches x 27 Rows = 4""",6mm (USA Size: J-10 - UK Size: 4),"20 Single Crochet x 27 Rows = 6""",4 Ounces,220 Yards,1,"Hand Wash, Cold | Dry Flat, Do Not Machine Dry | Do Not Iron | Do Not Bleach | Dry Clean, Any Solvents",Yarn & Needle Art,Yarn & Tools,Yarn,4.0,14,https://www.hobbylobby.com/yarn-needle-art/yarn-tools/yarn/baby-bee-sweet-delight-twist-yarn/p/yn20230,https://cdn.media.amplience.net/s/hobbylobby/267369-35534-IMGSET,"Knit or crochet the softest, dreamiest baby items with Baby Bee Sweet Delight Twist Yarn. It features two strands each of a dark and light shade twisted together for a touch of added dimension in your finished projects. Note: We are aware of the importance of dye lots and make every effort to pull the same dye lot on orders for multiple skeins of yarn; however, we are unable to guarantee all skeins will be the same dye lot.",3935.0,2026-05-10T05:07:53.207Z
b9ff7cbb-ed0d-49a7-8ae7-a0929105d27b,EB57014,81235012,2553873,Yarn Bee Eternal Bliss Yarn,Orchid - Yarn Bee Eternal Bliss Yarn,Yarn Bee,7.99,7.99,5.59,7.99,5.59,5.59,True,False,True,BOTH,29,100% Polyester,7 - Jumbo,Polyester,purple,100% Polyester,Orchid,25mm (USA: Size 50/UK: Size 25),"2.5 Stitches x 3.5 Rows = 4"" x 4""",25mm (USA: Size U/UK: Size 0),"2 Single Crochet x 2 Rows = 4"" x 4""",8 Ounces (226g),28 Yards,,"Hand Wash, Cold | Do Not Tumble Dry | Do Not Iron | Do Not Bleach | Do Not Dry Clean",Yarn & Needle Art,Yarn & Tools,Yarn,4.4218,1190,https://www.hobbylobby.com/yarn-needle-art/yarn-tools/yarn/yarn-bee-eternal-bliss-yarn/p/eb57014,https://cdn.media.amplience.net/s/hobbylobby/2553873-81235012-06102025-IMGSET,"Create a one-of-a-kind crocheted or knitted project with this Yarn Bee Eternal Bliss Yarn. This jumbo yarn features thick fibers that are soft to the touch. Use it to make warm hats, scarves, blankets, shawls, and more. Knit away in chunky fashion with this fun yarn! Note: We are aware of the importance of dye lots and make every effort to pull the same dye lot on orders for multiple skeins of yarn; however, we are unable to guarantee all skeins will be the same dye lot.",,2026-05-10T05:10:25.697Z
472933f7-e3eb-4c42-ade9-5b42052dc318,P81148392,81148392,2312320,Yarn Bee Sugarwheel Sparkle Yarn,202 Parisian Sweet Shoppe - Sugarwheel Yarn,Yarn Bee,7.99,7.99,5.59,7.99,5.59,5.59,True,False,True,BOTH,1,97% Acrylic & 3% Metallic Polyester,4 - Medium,"Polyester Blend, Acrylic Blend",multi,97% Acrylic & 3% Metallic Polyester,202 Parisian Sweet Shoppe,5mm (USA: Size 8 - UK: Size 6),"18 Stitches x 23 Rows = 4"" x 4""",5.5mm (USA: 9 - UK: Size 5),"12 Stitches x 15 Rows = 4"" x 4""",6 Ounces,302 Yards,1,"Machine Wash, Warm | Tumble Dry, Normal | Do Not Iron | Do Not Bleach | Dry Clean, Any Solvent",Yarn & Needle Art,Yarn & Tools,Yarn,4.7143,28,https://www.hobbylobby.com/yarn-needle-art/yarn-tools/yarn/yarn-bee-sugarwheel-sparkle-yarn/p/p81148392,https://cdn.media.amplience.net/s/hobbylobby/2312320-81148392-IMGSET,"Make sure your needlecrafts are ultra-sweet with this Yarn Bee Sugarwheel Sparkle Yarn. This soft yarn features gorgeous, variegated colors and metallic details and a soft construction, which you can combine with other skeins for plush, perfect creations. Knit or crochet decor pieces, scarves, hats, and so much more! Note: We are aware of the importance of dye lots and make every effort to pull the same dye lot on orders for multiple skeins of yarn; however, we are unable to guarantee all skeins will be the same dye lot. The variegation of colors on each skein will vary in appearance from the interior to exterior. Each skein may contain any or all the colors you see pictured.",1005.0,2026-05-10T05:07:47.141Z
85a0e532-9714-4f0d-a13b-0c20729b36c8,YN20330,80784105,1336627,I Love This Cotton Yarn,I Love This Cotton Yarn,I Love this Cotton,3.99,4.49,2.79,4.49,2.79,3.14,True,False,True,BOTH,47,100% Cotton,4 - Medium,Cotton,yellow,100% Cotton,326 Curry,5mm (USA Size: 8 - UK Size: 6),"18 Stitches x 23 Rows = 4"" x 4""",5.5mm (USA Size: I-9 - UK Size: 5),"13 Single Crochet x 14 Rows = 4"" x 4""",3.5 Ounces,180 Yards,1,"Machine Wash, Warm | Tumble Dry, Normal | Low Iron | Do Not Bleach | Dry Clean, Any Solvent",Yarn & Needle Art,Yarn & Tools,Yarn,4.4394,594,https://www.hobbylobby.com/yarn-needle-art/yarn-tools/yarn/i-love-this-cotton-yarn/p/yn20330,https://cdn.media.amplience.net/s/hobbylobby/1336627-80784105-02142025-IMGSET,"Create personalized art projects with this I Love This Cotton Yarn. This lovely cotton yarn features a beautiful color that is perfect for making scarves, sweaters, and so much more. Get creative by knitting or crocheting with this soft yarn! Note: We are aware of the importance of dye lots and make every effort to pull the same dye lot on orders for multiple skeins of yarn; however, we are unable to guarantee all skeins will be the same dye lot.",3356.0,2026-05-10T05:06:25.455Z
cab7cee6-b138-4c9d-a82b-5ab85dc662f3,YN20171,81235014,2553899,Yarn Bee Soft Secret Yarn,Cinnamon Cedar - Yarn Bee Soft Secret Yarn,Yarn Bee,5.99,5.99,4.19,5.99,4.19,4.19,True,False,True,BOTH,47,100% Acrylic,4 - Medium,Acrylic,multi,100% Acrylic,Cinnamon Cedar,4.5mm (USA: Size 7 - UK: Size 7),"20 Stitches x 26 Rows = 4"" x 4""",5.5mm (USA Size: H/8 - UK Size: 6),14 Single Crochet x 18 Rows = 4” x 4”,4 Ounces,199 Yards,1,"Machine Wash, Warm, Gentle Or Delicate Cycle | Do Not Bleach | Do Not Iron | Do Not Dry Clean | Tumble Dry, Normal, Low Heat",Yarn & Needle Art,Yarn & Tools,Yarn,3.8402,338,https://www.hobbylobby.com/yarn-needle-art/yarn-tools/yarn/yarn-bee-soft-secret-yarn/p/yn20171,https://cdn.media.amplience.net/s/hobbylobby/2553899-81235014-06172025-IMGSET,"You won't find yourself in stitches over this yarn! Unbelievably soft and featuring a beautiful color palette, this Yarn Bee Soft Secret Yarn is perfect for your knitting and crocheting needs. Use it to make soft hats, scarves, blankets, sweaters, mittens, and more! Note: We are aware of the importance of dye lots and make every effort to pull the same dye lot on orders for multiple skeins of yarn; however, we are unable to guarantee all skeins will be the same dye lot.",,2026-05-10T05:10:10.034Z
e35f7a5d-d369-4e7d-bd98-30d9cbd883f6,CSBY23,80990631,1963743,Crafter's Secret Big Idea Yarn,51 Pearl Fleck - Crafter's Secret Big Idea Yarn,Crafter's Secret,11.99,11.99,8.39,11.99,8.39,8.39,True,False,True,BOTH,2,100% Acrylic,4 - Medium,Acrylic,white,100% Acrylic,51 Pearl Fleck,5mm (USA Size: 8 / UK Size: 6),"18 Stitches x 23 Rows = 4"" x 4""",5.5mm (USA Size: 9 / UK Size: 5),"12 Single Crochet x 15 Rows = 4"" x 4""",12 Ounces,605 Yards,1,"Machine Wash, Warm | Do Not Bleach | Tumble Dry, Normal | Do Not Iron | Dry Clean, Any Solvent",Yarn & Needle Art,Yarn & Tools,Yarn,4.8478,46,https://www.hobbylobby.com/yarn-needle-art/yarn-tools/yarn/crafter-s-secret-big-idea-yarn/p/csby23,https://cdn.media.amplience.net/s/hobbylobby/1963743-80990631-IMGSET,"With just a skein of yarn and a vast imagination, you can create dazzling, delightful creations to share with the world! Crafter's Secret Big Idea Yarn can be combined with other colors and styles to create scarves, socks, hats, and a variety of other fun wearables and decor. Knit or crochet the day away! Note: We are aware of the importance of dye lots and make every effort to pull the same dye lot on orders for multiple skeins of yarn; however, we are unable to guarantee all skeins will be the same dye lot.",2059.0,2026-05-10T05:09:20.060Z
858b99bc-a8a0-405b-b85a-4efc3174aa70,P81234938,81234955,2553584,Yarn Bee Beginner Yarn,Black - Yarn Bee Beginner Yarn,Yarn Bee,3.49,3.99,2.44,3.99,2.44,2.79,True,False,True,BOTH,9,,5 - Bulky,Cotton Blend,black,75% Cotton & 25% Nylon,Black,,"16 Stitches x 21 Rows = 4"" x 4""",5mm (USA: Size H-8/UK: Size 5),"14 Single Crochet x 14 Rows = 4"" x 4""",2.3 Ounces,65 Yards,1,"Hand Wash, Cool | Dry Flat | Do Not Iron | Do Not Bleach | Do Not Dry Clean",Yarn & Needle Art,Yarn & Tools,Yarn,4.7826,23,https://www.hobbylobby.com/yarn-needle-art/yarn-tools/yarn/yarn-bee-beginner-yarn/p/p81234938,https://cdn.media.amplience.net/s/hobbylobby/2553584-81234955-06232025-IMGSET,"Get into the art of knitting and crocheting with this Yarn Bee Beginner Yarn. This soft yarn features a mix of cotton and nylon, making it super-soft to the touch. Its smooth finish and bulky weave make it ideal for beginners. Use this yarn to help you master the craft and to create cute accessories you can be proud of! Note: We are aware of the importance of dye lots and make every effort to pull the same dye lot on orders for multiple skeins of yarn; however, we are unable to guarantee all skeins will be the same dye lot.",,2026-05-10T05:08:23.135Z
d55a269f-c18c-4fc1-9be8-35f24a676d03,SW78578,96080,390427,Stonewash Print I Love This Yarn,01 Denim - Stonewash Print I Love This Yarn,I Love this Yarn,4.99,4.99,3.49,4.99,3.49,3.49,True,False,True,BOTH,5,100% Acrylic,4 - Medium,Acrylic,blue,100% Acrylic,01 Denim,5mm (USA Size: 8 - UK Size: 6),"18 Stitches x 23 Rows = 4"" x 4""",5.5mm (USA Size: I-9 - UK Size: 5),"12 Single Crochet x 15 Rows = 4"" x 4""",5 Ounces,252 Yards,1,"Machine Wash, Warm | Tumble Dry | Do Not Iron | Do Not Bleach | Dry Clean, Any Solvent",Yarn & Needle Art,Yarn & Tools,Yarn,4.1752,137,https://www.hobbylobby.com/yarn-needle-art/yarn-tools/yarn/stonewash-print-i-love-this-yarn/p/sw78578,https://cdn.media.amplience.net/s/hobbylobby/390427-96080-IMGSET,"Knit it your way! Take your knitting and crochet skills to a new level of softness with this Print I Love This Yarn. Featuring a blend of colors, this yarn is perfect for hats, scarves, shawls, sweaters, afghans, and more. Stay creative and stay warm! Note: We are aware of the importance of dye lots and make every effort to pull the same dye lot on orders for multiple skeins of yarn; however, we are unable to guarantee all skeins will be the same dye lot.",4147.0,2026-05-10T05:11:08.522Z
f36f2a4f-2785-4a53-93f9-e5ca64898f84,MMYN440,80890169,1667724,Yarn Bee Mini Maker Yarn,145 Teal - Yarn Bee Mini Maker Yarn,Yarn Bee,1.29,1.29,0.9,1.29,0.9,0.9,True,False,True,BOTH,20,100% Acrylic,4 - Medium,Acrylic,bluegreen,100% Acrylic,145 Teal,5mm (USA: Size 8 - UK: Size 6),"16 Stitches x 22 Rows = 4"" x 4""",6mm (USA: Size J-10 - UK: Size 4),"11 Single Crochet x 14 Rows = 4"" x 4""",1.05 Ounces,65 Yards,1,"Hand Wash, Cold | Dry Flat | Do Not Iron | Do Not Bleach | Do Not Dry Clean",Yarn & Needle Art,Yarn & Tools,Yarn,4.3514,37,https://www.hobbylobby.com/yarn-needle-art/yarn-tools/yarn/yarn-bee-mini-maker-yarn/p/mmyn440,https://cdn.media.amplience.net/s/hobbylobby/1667724-80890169-IMGSET,"Create buzzworthy crafts with this Yarn Bee Mini Maker Yarn. This yarn boasts a solid color that is great for all of your crochet and knitting projects. Use it to make lovely scarves, knit blankets, hats, accessories, and more! Pair it with other stunning yarns to create something colorful and, oh, so sweet! Note: We are aware of the importance of dye lots and make every effort to pull the same dye lot on orders for multiple skeins of yarn; however, we are unable to guarantee all skeins will be the same dye lot.",2896.0,2026-05-10T05:08:11.695Z
a5bf0255-0c7d-45b9-b3d1-e66faa4fb4b4,SS76681,81076345,2196277,Yarn Bee Soft & Sleek Print Yarn,972 Costa Mesa - Yarn Bee Soft & Sleek Print Yarn,Yarn Bee,5.49,5.49,3.84,5.49,3.84,3.84,True,False,True,BOTH,8,100% Low Pill Acrylic,4 - Medium,Acrylic,blue,100% Low Pill Acrylic,972 Costa Mesa,5mm (USA: Size 8),"18 Stitches x 23 Rows = 4"" x 4""",6mm (USA: Size J-10),"12 Single Crochet x 15 Rows = 4"" x 4""",4 Ounces,186 Yards,1,"Machine Wash, Cold | Dry Flat | Do Not Iron | Do Not Bleach | Dry Clean, Any Solvent Except Trichloroethylene",Yarn & Needle Art,Yarn & Tools,Yarn,3.8161,87,https://www.hobbylobby.com/yarn-needle-art/yarn-tools/yarn/yarn-bee-soft-sleek-print-yarn/p/ss76681,https://cdn.media.amplience.net/s/hobbylobby/2196277-81076345-IMGSET,"Combined with a pattern and your favorite needles, this Yarn Bee Soft & Sleek Print Yarn will help create soft, beautiful wearables and decorations with ease. Featuring a blend of colors, this pretty yarn can be knitted or crocheted to form shawls, decorations, bags, and much more. Use it with other yarn colors for a vastly colorful creation! Note: We are aware of the importance of dye lots and make every effort to pull the same dye lot on orders for multiple skeins of yarn; however, we are unable to guarantee all skeins will be the same dye lot.",1356.0,2026-05-10T05:10:56.268Z
f83d6aa1-84c3-41ba-b874-4a02e3d841fd,P81138676,81138675,2286102,Yarn Bee Sugarwheel Cotton Sparkle Yarn,175 Let it Go Flamingo - Yarn Bee Sugarwheel Cotton Sparkle Yarn,Yarn Bee,8.49,8.49,5.94,8.49,5.94,5.94,True,False,True,BOTH,4,97% Cotton & 3% Metallic Polyester,3 - Light,Polyester Blend,multi,97% Cotton & 3% Metallic Polyester,175 Let It Go Flamingo,4mm (USA: Size 6 - UK: Size 8),"21 Stitches x 24 Rows = 4"" x 4""",4.5mm (USA: Size 7 - UK: Size 7),"12 Stitches x 17 Rows = 4"" x 4""",4.5 Ounces,296 Yards,1,"Machine Wash, Cold | Tumble Dry, Low | Iron, Low | Do Not Bleach | Dry Clean, Any Solvent",Yarn & Needle Art,Yarn & Tools,Yarn,4.5,20,https://www.hobbylobby.com/yarn-needle-art/yarn-tools/yarn/yarn-bee-sugarwheel-cotton-sparkle-yarn/p/p81138676,https://cdn.media.amplience.net/s/hobbylobby/2286102-81138675-IMGSET,"Make sure your needlecrafts are ultra-sweet with this Yarn Bee Sugarwheel Cotton Sparkle Yarn. This soft yarn features gorgeous, variegated colors, metallic accents, and a soft cotton construction, which you can combine with other skeins for plush, perfect creations. Knit or crochet decor pieces, scarves, hats, and so much more! Note: We are aware of the importance of dye lots and make every effort to pull the same dye lot on orders for multiple skeins of yarn; however, we are unable to guarantee all skeins will be the same dye lot.",1005.0,2026-05-10T05:10:57.298Z
8d10c4e5-6261-4c89-bb6f-f8c65da6b31d,ART704,81186505,2429710,Baby Bee Snugs & Kisses Yarn,09 Teddy - Baby Bee Snugs & Kisses Yarn,Baby Bee,8.99,8.99,6.29,8.99,6.29,6.29,True,False,True,BOTH,9,100% Polyester,6 - Super Bulky,Polyester,brown,100% Polyester,09 Teddy,9mm (USA: Size 13 - UK: Size 0),"7 Stitches x 11 Rows = 4"" x 4""",9mm (USA: Size M-13 - UK: Size 0),"7 Stitches x 7 Rows = 4"" x 4""",8 Ounces,148 Yards,1,"Hand Wash, Cold | Do Not Tumble Dry | Do Not Iron | Do Not Bleach | Do Not Dry Clean",Yarn & Needle Art,Yarn & Tools,Yarn,3.7177,124,https://www.hobbylobby.com/yarn-needle-art/yarn-tools/yarn/baby-bee-snugs-kisses-yarn/p/art704,https://cdn.media.amplience.net/s/hobbylobby/2429710-81186505-02142025-IMGSET,"Make bold and soft blankets and fun throws with this Baby Bee Snugs & Kisses Yarn. Featuring a plush pile and a solid color, this yarn is ideal for all kinds of knitted and crocheted creations. Whether you're searching for a richly textured color or a cushioned and cuddly feel, this yarn will be your go-to! Note: We are aware of the importance of dye lots and make every effort to pull the same dye lot on orders for multiple skeins of yarn; however, we are unable to guarantee all skeins will be the same dye lot.",,2026-05-10T05:09:38.828Z
a24344ed-65b8-4ff5-8afc-9fa728295093,P37190,37190,110023,White Sparkle I Love This Cotton Sparkle Yarn,White Sparkle I Love This Cotton Sparkle Yarn,I Love this Yarn,4.49,4.49,3.14,4.49,3.14,3.14,True,False,True,BOTH,1,,,,white,97% Cotton & 3% Metallic Polyester,06 White Sparkle,5mm (USA Size: 8 - UK Size: 6),"18 Stitches x 23 Rows = 4"" x 4""",5.5mm (USA Size: I-9 - UK Size: 5),"13 Single Crochet x 14 Rows = 4"" x 4""",3 Ounces,153 Yards,1,"Machine Wash, Warm | Do Not Bleach | Tumble Dry, Normal | Low Iron | Dry Clean, Any Solvent",Yarn & Needle Art,Yarn & Tools,Yarn,4.8125,32,https://www.hobbylobby.com/yarn-needle-art/yarn-tools/yarn/white-sparkle-i-love-this-cotton-sparkle-yarn/p/p37190,https://cdn.media.amplience.net/s/hobbylobby/110023-37190-02172025-IMGSET,"Take your knitting and crochet skills to a new level of softness with this White Sparkle I Love This Cotton Sparkle Yarn. Featuring a gorgeous white color with metallic iridescent details, this yarn is perfect for hats, scarves, shawls, sweaters, afghans, and much more. Make a one-of-a-kind creation with this dazzling yarn! Note: We are aware of the importance of dye lots and make every effort to pull the same dye lot on orders for multiple skeins of yarn; however, we are unable to guarantee all skeins will be the same dye lot.",3935.0,2026-05-10T05:12:30.217Z
f7f124fe-4817-485a-a880-57a02f179f76,YN20270,81185367,2424737,Baby Bee Sweet Delight Chunky Yarn,424 Lilac Haze - Baby Bee Sweet Delight Chunky Yarn,Baby Bee,5.99,5.99,4.19,5.99,4.19,4.19,True,False,True,BOTH,16,80% Acrylic & 20% Polyamide,5 - Bulky,"Polyamide Blend, Acrylic Blend",purple,80% Acrylic & 20% Polyamide,424 Lilac Haze,6mm (USA: Size 10 - UK: Size 4),"12 Stitches x 16 Rows = 4"" x 4""",6.5mm (USA: Size K 10.5 - UK: Size 3),"9 Single Crochet x 11 Rows = 4"" x 4""",3.5 Ounces,109 Yards,1,"Machine Wash, Warm | Do Not Bleach | Do Not Iron | Tumble Dry, Gentle Cycle | Dry Clean, Any Solvent",Yarn & Needle Art,Yarn & Tools,Yarn,4.1444,90,https://www.hobbylobby.com/yarn-needle-art/yarn-tools/yarn/baby-bee-sweet-delight-chunky-yarn/p/yn20270,https://cdn.media.amplience.net/s/hobbylobby/2424737-81185367-02142025-IMGSET,"Wrap your baby in soft and gentle homespun creations. This Baby Bee Sweet Delight Chunky Yarn is perfect for knitting or crocheting hats, blankets, and cuddly animals with a soft blend of color. Keep your little one stylish, and ease your own stress levels with a relaxing pastime! Note: We are aware of the importance of dye lots and make every effort to pull the same dye lot on orders for multiple skeins of yarn; however, we are unable to guarantee all skeins will be the same dye lot.",,2026-05-10T05:08:22.240Z
09d36717-cdea-4256-8c8a-e3867a51372d,YN20250,81185290,2424455,Baby Bee Sweet Delight Print Yarn,440 Woodland Elderberry - Baby Bee Sweet Delight Print Yarn,Baby Bee,6.49,6.49,4.54,6.49,4.54,4.54,True,False,True,BOTH,14,60% Acrylic & 40% Polyamide,3 - Light,"Polyamide Blend, Acrylic Blend",pink,60% Acrylic & 40% Polyamide,440 Woodland Elderberry,4mm (USA: Size 6 - UK: Size 8),"23 Stitches x 29 Rows = 4"" x 4""",4.5mm (USA: Size 7 - UK: Size 7),"16 Single Crochet x 20 Rows = 4"" x 4""",4 Ounces,377 Yards,1,"Machine Wash, Warm | Tumble Dry, Normal | Do Not Iron | Do Not Bleach | Dry Clean, Any Solvents",Yarn & Needle Art,Yarn & Tools,Yarn,4.4342,76,https://www.hobbylobby.com/yarn-needle-art/yarn-tools/yarn/baby-bee-sweet-delight-print-yarn/p/yn20250,https://cdn.media.amplience.net/s/hobbylobby/2424455-81185290-07052024-IMGSET,"Add a gentle softness to your baby creations with this Baby Bee Sweet Delight Print Yarn. Boasting a lovely blend of colors, this yarn is the perfect way to enhance your little one's nursery with gorgeous texture. Knit or crochet blankets, bibs, hats, and even decor pieces! Note: We are aware of the importance of dye lots and make every effort to pull the same dye lot on orders for multiple skeins of yarn; however, we are unable to guarantee all skeins will be the same dye lot.",,2026-05-10T05:08:15.705Z
cd7a2b7b-4c42-4724-a54b-986ca186ac06,SS42114,80891081,1671221,Yarn Bee Soft & Sleek Yarn,Yarn Bee Soft & Sleek Yarn,Yarn Bee,4.99,5.49,3.49,5.49,3.49,3.84,True,False,True,BOTH,46,100% Low Pill Acrylic,4 - Medium,Acrylic,pink,100% Low Pill Acrylic,630 Blush,5mm (USA: Size 8),"18 Stitches x 23 Rows = 4"" x 4""",6mm (USA: Size J-10),"12 Single Crochet x 15 Rows = 4"" x 4""",5 Ounces,232 Yards,1,"Machine Wash, Cold | Dry Flat | Do Not Iron | Do Not Bleach | Dry Clean, Any Solvent Except Trichloroethylene",Yarn & Needle Art,Yarn & Tools,Yarn,4.3508,362,https://www.hobbylobby.com/yarn-needle-art/yarn-tools/yarn/yarn-bee-soft-sleek-yarn/p/ss42114,https://cdn.media.amplience.net/s/hobbylobby/1671221-80891081-02142025-IMGSET,"Create something beautiful with this Yarn Bee Soft & Sleek Yarn. This soft yarn is made from low-pill fiber, making it perfect for knitting or crocheting. Use it to make shawls, decor, bags, blankets, and home decor items for yourself or a friend. Knit or crochet your way to fabulous handmade creations! Note: We are aware of the importance of dye lots and make every effort to pull the same dye lot on orders for multiple skeins of yarn; however, we are unable to guarantee all skeins will be the same dye lot.",2826.0,2026-05-10T05:06:58.033Z
1184a4bc-22e1-4a38-9c7e-dd41e2d2316e,YN20630,81076703,2197127,Yarn Bee Tender Touch Yarn,152 Suede - Yarn Bee Tender Touch Yarn,Yarn Bee,3.99,3.99,2.79,3.99,2.79,2.79,True,False,True,BOTH,12,100% Acrylic,5 - Bulky,Acrylic,brown,100% Acrylic,152 Suede,6mm (USA Size: 10 - UK: Size 4),"14 Stitches x 18 Rows = 4"" x 4""",6.5mm (USA Size: K-10.5 - UK: Size 3),"10 Stitches x 12 Rows = 4"" x 4""",3 Ounces,135 Yards,1,"Machine Wash, Lukewarm | Do Not Bleach | Machine Dry | Do Not Iron",Yarn & Needle Art,Yarn & Tools,Yarn,4.2857,63,https://www.hobbylobby.com/yarn-needle-art/yarn-tools/yarn/yarn-bee-tender-touch-yarn/p/yn20630,https://cdn.media.amplience.net/s/hobbylobby/2197127-81076703-IMGSET,"Knit yourself colorful! Unravel the knots in your creativity with this Yarn Bee Tender Touch Yarn. This soft yarn is quick and easy to work with, offering a two-ply, velvety soft yarn that looks just like mohair. Knit or crochet lovely scarves, hats, gloves, cowls, and more. Note: We are aware of the importance of dye lots and make every effort to pull the same dye lot on orders for multiple skeins of yarn; however, we are unable to guarantee all skeins will be the same dye lot.",1360.0,2026-05-10T05:07:30.971Z
ebcdbcbd-5737-4551-ae40-cf80d53b3ec9,SW201210,80880616,1627470,Yarn Bee Sugarwheel Yarn,71 Candied Orange - Yarn Bee Sugarwheel Yarn,Yarn Bee,7.99,7.99,5.59,7.99,5.59,5.59,True,False,True,BOTH,8,97% Acrylic & 3% Metallic Polyester,4 - Medium,"Acrylic, Polyester Blend, Acrylic Blend",multi,100% Acrylic,71 Candied Orange,5mm (USA: Size 8 - UK: Size 6),"18 Stitches x 23 Rows = 4"" x 4""",5.5mm (USA: Size 9 - UK: Size 5),"12 Stitches x 15 Rows = 4"" x 4""",7 Ounces,355 Yards,1,"Machine Wash, Warm | Tumble Dry, Normal | Do Not Iron | Do Not Bleach | Dry Clean, Any Solvent",Yarn & Needle Art,Yarn & Tools,Yarn,4.1585,246,https://www.hobbylobby.com/yarn-needle-art/yarn-tools/yarn/yarn-bee-sugarwheel-yarn/p/sw201210,https://cdn.media.amplience.net/s/hobbylobby/1627470-80880616-IMGSET,"Make sure your needlecrafts are ultra-sweet with this Yarn Bee Sugarwheel Yarn. This soft yarn features gorgeous, variegated colors and a soft construction, which you can combine with other skeins for plush, perfect creations. Knit or crochet decor pieces, scarves, hats, and so much more! Note: We are aware of the importance of dye lots and make every effort to pull the same dye lot on orders for multiple skeins of yarn; however, we are unable to guarantee all skeins will be the same dye lot. The variegation of colors on each skein will vary in appearance from the interior to exterior. Each skein may contain any or all the colors you see pictured.",2894.0,2026-05-10T05:08:08.380Z
4b0f7a27-ba0d-4cf8-aa8f-b907b30b6dec,AY87930,81040508,2095164,Baby Bee Adore-A-Ball Bulky Yarn,982 Happy Face - Baby Bee Adore-A-Ball Super Bulky Yarn,Baby Bee,4.99,4.99,3.49,4.99,3.49,3.49,True,False,True,BOTH,9,100% Polyester,5 - Bulky,Polyester,multi,100% Polyester,982 Happy Face,15mm (USA: Size 19),"7 Stitches x 9 Rows = 4"" x 4""",15mm (USA: Size P/Q),"7 Stitches x 8 Rows = 4"" x 4""",3.5 Ounces,38 Yards,1,"Machine Wash, Cold | Do Not Tumble Dry | Do Not Iron | Do Not Bleach | Dry Clean, Any Solvent",Yarn & Needle Art,Yarn & Tools,Yarn,3.5361,97,https://www.hobbylobby.com/yarn-needle-art/yarn-tools/yarn/baby-bee-adore-a-ball-bulky-yarn/p/ay87930,https://cdn.media.amplience.net/s/hobbylobby/2095164-81040508-IMGSET,"Create a beautiful masterpiece your little one will love with this Baby Bee Adore-A-Ball Bulky Yarn! Soft to the touch, this yarn is excellent for creating warm wearables or knitted blankets for your little one to enjoy. Grab your knitting needles or crochet hooks and have fun! Note: We are aware of the importance of dye lots and make every effort to pull the same dye lot on orders for multiple skeins of yarn; however, we are unable to guarantee all skeins will be the same dye lot.",1753.0,2026-05-10T05:12:36.100Z
4e16aaa8-ea5a-4997-9085-9a565345baef,SW97946,81138676,2286110,Yarn Bee Sugarwheel Cotton Yarn,180 Neptune Haze - Yarn Bee Sugarwheel Cotton Yarn,Yarn Bee,8.49,8.49,5.94,8.49,5.94,5.94,True,False,True,BOTH,8,100% Cotton,3 - Light,"Cotton, Polyester Blend, Cotton Blend",multi,100% Cotton,180 Neptune Haze,4mm (USA: Size 6),"21 Stitches x 24 Rows = 4"" x 4""",4.5mm (USA: 7),"12 Stitches x 17 Rows = 4"" x 4""",5 Ounces,335 Yards,1,"Machine Wash, Cold | Tumble Dry, Low | Iron, Low | Do Not Bleach | Dry Clean, Any Solvent",Yarn & Needle Art,Yarn & Tools,Yarn,4.2866,171,https://www.hobbylobby.com/yarn-needle-art/yarn-tools/yarn/yarn-bee-sugarwheel-cotton-yarn/p/sw97946,https://cdn.media.amplience.net/s/hobbylobby/2286110-81138676-IMGSET,"Make sure your needlecrafts are ultra-sweet with this Yarn Bee Sugarwheel Cotton Yarn. This yarn features a gorgeous color palette made out of soft fibers. Knit or crochet decor pieces, scarves, hats, and so much more! Note: We are aware of the importance of dye lots and make every effort to pull the same dye lot on orders for multiple skeins of yarn; however, we are unable to guarantee all skeins will be the same dye lot.",1005.0,2026-05-10T05:10:00.208Z
d046fb82-115b-4aa7-a250-fb97d6e98e6e,ART49YARN,81076677,2196996,Yarn Bee Velvety Smooth Aran Yarn,Slate Blue Yarn Bee Velvety Smooth Aran Yarn,Yarn Bee,5.49,5.49,3.84,5.49,3.84,3.84,True,False,True,BOTH,6,100% Polyester,4 - Medium,Polyester,blue,100% Polyester,07 Slate Blue,5.5mm (USA: Size 9 / UK: Size: 5),"18 Stitches x 20 Rows = 4"" x 4""",6.5mm (USA: Size K-10 1/2 / UK: Size 3),"11 Stitches x 13 Rows = 4"" x 4""",3.5 Ounces,161 Yards,1,"Machine Wash, Cold | Do Not Tumble Dry | Do Not Iron | Do Not Bleach | Dry Clean, Any Solvent",Yarn & Needle Art,Yarn & Tools,Yarn,4.8095,21,https://www.hobbylobby.com/yarn-needle-art/yarn-tools/yarn/yarn-bee-velvety-smooth-aran-yarn/p/art49yarn,https://cdn.media.amplience.net/s/hobbylobby/2196996-81076677-02172025-IMGSET,"Stitch your way to a warm winter with materials like this Yarn Bee Velvety Smooth Aran Yarn. This plush velvet yarn boasts a solid color that will work well for a wide range of projects. Whether you knit or crochet, this yarn is sure to open up your creativity to an exciting realm of possibilities! Note: We are aware of the importance of dye lots and make every effort to pull the same dye lot on orders for multiple skeins of yarn; however, we are unable to guarantee all skeins will be the same dye lot.",1366.0,2026-05-10T05:10:25.826Z
f090521a-bfc5-40b4-914d-fec5f88d59a0,93YD2OZ109YARN,81150010,2313443,Crafter's Secret Variegated Cotton Yarn,Holly Jolly Crafter's Secret Cotton Yarn,Crafter's Secret,2.99,2.99,2.09,2.99,2.09,2.09,True,False,True,BOTH,35,100% Cotton,4 - Medium,Cotton,multi,100% Cotton,214 Holly Jolly,4.5mm (US: Size 7),"20 Stitches x 26 Rows = 4"" x 4""",5mm (US: Size H/8),"13 Stitches x  14 Rows = 4"" x 4""",2.5 Ounces,116,1,"Hand Wash, Warm | Tumble Dry, Normal | Low Iron | Do Not Bleach | Dry Clean, Any Solvent",Yarn & Needle Art,Yarn & Tools,Yarn,4.68,75,https://www.hobbylobby.com/yarn-needle-art/yarn-tools/yarn/crafter-s-secret-variegated-cotton-yarn/p/93yd2oz109yarn,https://cdn.media.amplience.net/s/hobbylobby/2313443-81150010-IMGSET,"This wonderful Crafter's Secret Variegated Cotton Yarn will bring a blend of vibrant colors to your project! This plied yarn is made with U.S. cotton fibers and features vibrant colors. Use this lovely yarn to create eye-catching blankets, dishcloths, apparel, and more! Note: We are aware of the importance of dye lots and make every effort to pull the same dye lot on orders for multiple skeins of yarn; however, we are unable to guarantee all skeins will be the same dye lot.",1005.0,2026-05-10T05:10:48.404Z
599fbbbc-fdce-4ae0-8eb5-294659c3ce75,SFSN23,81186568,2430056,Baby Bee Soft + Snuggly Yarn,11 Stormswept - Baby Bee Soft + Snuggly Yarn,Baby Bee,6.49,6.49,4.54,6.49,4.54,4.54,True,False,True,BOTH,9,100% Polyester,4 - Medium,Polyester,blue,100% Polyester,11 Stormswept,5mm (USA: Size 8 - UK: Size 6),"16 Stitches x 30 Rows = 4"" x 4""",5mm (USA: Size H-8 - UK: Size 6),"28 Single Crochet x 40 Rows = 4"" x 4""",4 Ounces,236 Yards,1,"Hand Wash, Cold | Do Not Tumble Dry | Do Not Iron | Do Not Bleach | Do Not Dry Clean",Yarn & Needle Art,Yarn & Tools,Yarn,4.5915,71,https://www.hobbylobby.com/yarn-needle-art/yarn-tools/yarn/baby-bee-soft-snuggly-yarn/p/sfsn23,https://cdn.media.amplience.net/s/hobbylobby/2430056-81186568-07052024-IMGSET,"Cuddle up with soft creations by using this Baby Bee Soft + Snuggly Yarn. This fluffy yarn is made out of fuzzy polyester fibers that are perfect to snuggle with. Create warm blankets, one-of-a-kind sweaters, and cushy scarves with the help of this yarn! Note: We are aware of the importance of dye lots and make every effort to pull the same dye lot on orders for multiple skeins of yarn; however, we are unable to guarantee all skeins will be the same dye lot.",,2026-05-10T05:11:57.032Z
b8875aaf-48b3-4f87-a6b8-eabf21d733f3,PY53495,80997484,1981554,Print I Love This Yarn,Print I Love This Yarn,I Love this Yarn,4.99,4.99,3.49,4.99,3.49,3.49,True,False,True,BOTH,80,100% Acrylic,4 - Medium,Acrylic,green,100% Acrylic,884 Sage Advice,5mm (USA Size: 8 - UK Size: 6),"18 Stitches x 23 Rows = 4"" x 4""",5.5mm (USA Size: I-9 - UK Size: 5),"12 Single Crochet x 15 Rows = 4"" x 4""",5 Ounces,252 Yards,1,"Machine Wash, Warm | Tumble Dry, Normal | Do Not Iron | Do Not Bleach | Dry Clean, Any Solvent",Yarn & Needle Art,Yarn & Tools,Yarn,4.6021,945,https://www.hobbylobby.com/yarn-needle-art/yarn-tools/yarn/print-i-love-this-yarn/p/py53495,https://cdn.media.amplience.net/s/hobbylobby/1981554-80997484-02142025-IMGSET,"Make a one-of-a-kind creation full of beautiful colors with this Print I Love This Yarn. Featuring a blend of colors, this soft yarn can be knitted or crocheted into cozy sweaters, cute plushies, comfortable blankets, and more. Follow the provided pattern, or put your own skills to the test as you create adorable crafts! Note: We are aware of the importance of dye lots and make every effort to pull the same dye lot on orders for multiple skeins of yarn; however, we are unable to guarantee all skeins will be the same dye lot.",2061.0,2026-05-10T05:09:35.819Z
cd4a5499-bb2b-4616-8505-9e8d93caf5bc,TY201889,81040490,2095099,Tweed I Love This Yarn,2006 Sweet Dijon - Tweed I Love This Yarn,I Love this Yarn,4.99,4.99,3.49,4.99,3.49,3.49,True,False,True,BOTH,4,97% Acrylic & 3% Viscose,4 - Medium,"Acrylic Blend, Viscose Blend",yellow,97% Acrylic & 3% Viscose,2006 Sweet Dijon,5mm (USA Size: 8 - UK Size: 6),"18 Stitches x 23 Rows = 4"" x 4""",5.5mm (USA Size: I-9 - UK Size: 5),"12 Single Crochet x 15 Rows = 4"" x 4""",5 Ounces,252 Yards,1,"Machine Wash, Warm | Tumble Dry, Normal | Do Not Iron | Do Not Bleach | Dry Clean, Any Solvent",Yarn & Needle Art,Yarn & Tools,Yarn,4.618,89,https://www.hobbylobby.com/yarn-needle-art/yarn-tools/yarn/tweed-i-love-this-yarn/p/ty201889,https://cdn.media.amplience.net/s/hobbylobby/2095099-81040490-02172025-IMGSET,"Knit it your way! Take your knitting and crochet skills to a new level of softness with this Tweed I Love This Yarn. Featuring a blend of colors, this yarn is perfect for hats, scarves, shawls, sweaters, afghans, and more. Stay creative and stay warm! Note: We are aware of the importance of dye lots and make every effort to pull the same dye lot on orders for multiple skeins of yarn; however, we are unable to guarantee all skeins will be the same dye lot.",1717.0,2026-05-10T05:06:37.420Z
a8efa3a6-8388-43bd-acf4-69c3c7ee5d78,BI78309,81076430,2196608,Crafter's Secret Big Idea Yarn,260 Light Sage - Crafter's Secret Big Idea Yarn,Crafter's Secret,11.99,11.99,8.39,11.99,8.39,8.39,True,False,True,BOTH,23,100% Acrylic,4 - Medium,Acrylic,green,100% Acrylic,260 Light Sage,5mm (USA Size: 8 / UK Size: 6),"18 Stitches x 23 Rows = 4"" x 4""",5.5mm (USA Size: 9 / UK Size: 5),"12 Single Crochet x 15 Rows = 4"" x 4""",16 Ounces,810 Yards,1,"Machine Wash, Warm | Do Not Bleach | Tumble Dry, Normal | Do Not Iron | Dry Clean, Any Solvent",Yarn & Needle Art,Yarn & Tools,Yarn,4.5175,257,https://www.hobbylobby.com/yarn-needle-art/yarn-tools/yarn/crafter-s-secret-big-idea-yarn/p/bi78309,https://cdn.media.amplience.net/s/hobbylobby/2196608-81076430-IMGSET,"With just a skein of yarn and a vast imagination, you can create dazzling, delightful creations to share with the world! Featuring a solid color, Crafter's Secret Big Idea Yarn can be combined with other colors and styles to create scarves, socks, hats, and a variety of other fun wearables and decor. Knit or crochet the day away! Note: We are aware of the importance of dye lots and make every effort to pull the same dye lot on orders for multiple skeins of yarn; however, we are unable to guarantee all skeins will be the same dye lot.",1360.0,2026-05-10T05:11:01.660Z
0ffcfb79-c28a-43d0-afac-fbb9827ad2a5,PRNTILTYN22,81077021,2198513,Print I Love This Cotton Yarn,372 Rosemary Cottage - Print I Love This Cotton Yarn,I Love this Cotton,4.49,4.49,3.14,4.49,3.14,3.14,True,False,True,BOTH,19,100% Cotton,4 - Medium,Cotton,multi,100% Cotton,372 Rosemary Cottage,5mm (USA Size: 8 - UK Size: 6),"18 Stitches x 23 Rows = 4"" x 4""",5.5mm (USA Size: I-9 - UK Size: 5),"13 Single Crochet x 14 Rows = 4"" x 4""",3 Ounces,153 Yards,1,"Machine Wash, Cold | Tumble Dry, Normal | Iron, Low | Do Not Bleach | Dry Clean, Any Solvent",Yarn & Needle Art,Yarn & Tools,Yarn,4.7262,168,https://www.hobbylobby.com/yarn-needle-art/yarn-tools/yarn/print-i-love-this-cotton-yarn/p/prntiltyn22,https://cdn.media.amplience.net/s/hobbylobby/2198513-81077021-02142025-IMGSET,"You won't believe how soft this Print I Love This Cotton Yarn is until you feel it! This lovely cotton yarn features a blend of colors, and it's perfect for making scarves, sweaters, beanies, and stylish blouses. Crochet and knit your way to the sweetest, warmest wearable! Note: We are aware of the importance of dye lots and make every effort to pull the same dye lot on orders for multiple skeins of yarn; however, we are unable to guarantee all skeins will be the same dye lot.",1361.0,2026-05-10T05:11:30.187Z
b371bbf1-4cbd-49a4-b5d0-9d8db1da9311,YN20215,140587,858076,Yarn Bee Bejeweled Sequin Yarn,Yarn Bee Bejeweled Sequin Yarn,Yarn Bee,5.99,5.99,5.99,5.99,,,True,False,,BOTH,2,"40% Metallic Polyester, 30% Sequin Polyester & 30% Polyester",1 - Super Fine,Polyester,gold,"40% Metallic Polyester, 30% Sequin Polyester & 30% Polyester",15 Gold,3.25mm (USA: Size 3/ UK: Size 10),"26 Stitches x 28 Rows = 4"" x 4""",3.25mm (USA: Size 3),,0.88 Ounces,328 Yards,1,"Machine Wash, Cold | Do Not Bleach | Do Not Tumble Dry | Do Not Iron | Dry Clean, Any Solvent",Yarn & Needle Art,Yarn & Tools,Yarn,4.6957,23,https://www.hobbylobby.com/yarn-needle-art/yarn-tools/yarn/yarn-bee-bejeweled-sequin-yarn/p/yn20215,https://cdn.media.amplience.net/s/hobbylobby/858076-140587-IMGSET,"Start a flashy new knitting project with this Yarn Bee Bejeweled Sequin Yarn. This yarn has a shiny metallic color and has iridescent sequins spread across it. Use it to dress up mittens, scarves, blankets, and more. Add a glamorous shimmer effect to your needle art with this exciting sequin yarn! Note: We are aware of the importance of dye lots and make every effort to pull the same dye lot on orders for multiple spools of thread; however, we are unable to guarantee all spools will be the same dye lot. No discounts may be applied to ""your price"" or ""reduced"" items.",3935.0,2026-04-08T20:28:42.871Z
23ff6da0-5c40-4c63-be46-58839f5f2e81,SS65477,81138671,2286060,Baby Bee Stork Struck Yarn,102 Puppy Love - Baby Bee Stork Struck Yarn,Baby Bee,5.99,5.99,4.19,5.99,4.19,4.19,True,False,True,BOTH,8,50% Lyocell & 50% Acrylic,4 - Medium,"Lyocell Blend, Acrylic Blend",multi,50% Lyocell & 50% Acrylic,102 Puppy Love,5.5mm (USA: Size 9 - UK: Size 5),"18 Stitches x 24 Rows = 4"" x 4""",5.5mm (USA: Size I-9 - UK: Size 5),"12 Single Crochet x 16 Rows = 4"" x 4""",3.5 Ounces,208 Yards,1,"Machine Wash, Warm | Tumble, Dry, Normal | Low Iron | Do Not Bleach | Dry Clean, Any Solvent",Yarn & Needle Art,Yarn & Tools,Yarn,4.4464,56,https://www.hobbylobby.com/yarn-needle-art/yarn-tools/yarn/baby-bee-stork-struck-yarn/p/ss65477,https://cdn.media.amplience.net/s/hobbylobby/2286060-81138671-02172025-IMGSET,"Create wonderful knit and crocheted creations fit for the smallest members of your family with this Baby Bee Stork Struck Yarn. This classic yarn is soft and sturdy, making it perfect for beginners. With a solid shade, this yarn will help you create adorable knit booties, sweet sweaters, and charming accessories! Note: We are aware of the importance of dye lots and make every effort to pull the same dye lot on orders for multiple skeins of yarn; however, we are unable to guarantee all skeins will be the same dye lot.",1005.0,2026-05-10T05:08:36.337Z
928cc761-f240-4fa7-95b2-d81adaa81013,CY84971,81186184,2427847,Yarn Bee Cozy Occasion Yarn,Yarn Bee Cozy Occasion Yarn,Yarn Bee,5.49,5.99,3.84,5.99,3.84,4.19,True,False,True,BOTH,24,100% Polyester,6 - Super Bulky,Polyester,multi,100% Polyester,46 Back To School,8mm (USA: Size 11),"8 Stitches x 13 Rows = 4"" x 4""",8mm (USA: Size L-11),"7 Single Crochet x 8 Rows = 4"" x 4""",5.5 Ounces,101 Yards,1,"Hand Wash, Cold | Do Not Tumble Dry | Do Not Iron | Do Not Bleach | Do Not Dry Clean",Yarn & Needle Art,Yarn & Tools,Yarn,4.3131,214,https://www.hobbylobby.com/yarn-needle-art/yarn-tools/yarn/yarn-bee-cozy-occasion-yarn/p/cy84971,https://cdn.media.amplience.net/s/hobbylobby/2427847-81186184-07052024-IMGSET,"Snuggle up in a handmade craft lovingly constructed with this Yarn Bee Cozy Occasion Yarn. This polyester yarn features a beautiful color and is soft to the touch. It is perfect for knitting and crocheting warm blankets, hats, and other items that will keep you cozy. Find your inspiration and create something one-of-a-kind with this yarn! Note: We are aware of the importance of dye lots and make every effort to pull the same dye lot on orders for multiple skeins of yarn; however, we are unable to guarantee all skeins will be the same dye lot.",,2026-05-10T05:10:26.239Z
0bde45b2-3c1f-410a-bd69-d3479b3b20d4,YN20140,80785196,1340272,Crafter's Secret Solid Cotton Yarn,Taupe Crafter's Secret Cotton Yarn,Crafter's Secret,2.99,2.99,2.09,2.99,2.09,2.09,True,False,True,BOTH,24,100% Cotton,4 - Medium,Cotton,brown,100% Cotton,25 Taupe,4.5mm (USA: Size 7),"20 Stitches x 26 Rows = 4"" x 4""",5mm (USA: Size H/8),"13 Single Crochet x 14 Rows = 4"" x 4""",2.5 Ounces,116 Yards,1,"Machine Wash, Warm | Do Not Bleach | Tumble Dry | Low Iron | Dry Clean, Any Solvent",Yarn & Needle Art,Yarn & Tools,Yarn,3.905,179,https://www.hobbylobby.com/yarn-needle-art/yarn-tools/yarn/crafter-s-secret-solid-cotton-yarn/p/yn20140,https://cdn.media.amplience.net/s/hobbylobby/1340272-80785196-IMGSET,"Create soft and vibrant pieces with this Crafter's Secret Solid Cotton Yarn. This solid-colored blend of cotton fibers is perfect for blankets, scarves, crafts, and more! Use this lovely yarn to knit or crochet your next project! Note: We are aware of the importance of dye lots and make every effort to pull the same dye lot on orders for multiple skeins of yarn; however, we are unable to guarantee all skeins will be the same dye lot.",3460.0,2026-05-10T05:06:19.263Z
8561296e-0b26-4f76-8a1f-f5f2e2da6202,OP04875,37346,349571,Ombre Print I Love This Yarn,507 Denims - Ombre Print I Love This Yarn,I Love this Yarn,4.99,4.99,3.49,4.99,3.49,3.49,True,False,True,BOTH,3,100% Acrylic,4 - Medium,Acrylic,blue,100% Acrylic,507 Denims,5mm (USA: Size 8 - UK: Size 6),"18 Stitches x 23 Rows = 4"" x 4""",5.5mm (USA: Size 9 - UK: Size 5),"12 Single Crochet x 15 Rows = 4"" x 4""",5 Ounces,252 Yards,1,"Machine Wash, Warm | Tumble Dry, Normal | Do Not Iron | Do Not Bleach | Dry Clean, Any Solvent",Yarn & Needle Art,Yarn & Tools,Yarn,4.4538,119,https://www.hobbylobby.com/yarn-needle-art/yarn-tools/yarn/ombre-print-i-love-this-yarn/p/op04875,https://cdn.media.amplience.net/s/hobbylobby/349571-37346-IMGSET,"This beautiful Ombre I Love This Yarn is absolutely perfect for hats, scarves, mittens, blankets, and more! Featuring a blend of colors, this stunning yarn can be transformed into any number of soft wearables with which you can curl up. Knit your way to comfort and style! Note: We are aware of the importance of dye lots and make every effort to pull the same dye lot on orders for multiple skeins of yarn; however, we are unable to guarantee all skeins will be the same dye lot.",3935.0,2026-05-10T05:09:08.999Z
ae3eefb7-756e-4b1e-8f33-94ace39e5d15,COTSCRUB22,81076682,2197002,Yarn Bee Scrub-Ology Cotton Yarn,Emerald Pine Yarn Bee Scrub-Ology Cotton Yarn,Yarn Bee,5.99,5.99,4.19,5.99,4.19,4.19,True,False,True,BOTH,2,100% Cotton,4 - Medium,Cotton,green,100% Cotton,118,5.5mm (US: Size I-9 / UK: Size 5),"18 Stitches x 23 Rows = 4"" x 4""",6.5mm (US: Size 10 1/2 / UK: Size 3),"14 Single Crochet x 16 Rows = 4"" x 4""",3 Ounces,125 Yards,1,"Machine Wash, Cold | Tumble Dry, Low | Cool Iron When Needed | Do Not Bleach | Dry Clean, Any Solvent",Yarn & Needle Art,Yarn & Tools,Yarn,4.2353,17,https://www.hobbylobby.com/yarn-needle-art/yarn-tools/yarn/yarn-bee-scrub-ology-cotton-yarn/p/cotscrub22,https://cdn.media.amplience.net/s/hobbylobby/2197002-81076682-02142025-IMGSET,"Scrub-a-dub-dub! Create a completely usable homespun design with this Yarn Bee Scrub-Ology Cotton Yarn. Perfect for dishcloths, this worsted yarn offers beautiful colors and is easy to use. Personalize your kitchen or create special gifts! Note: We are aware of the importance of dye lots and make every effort to pull the same dye lot on orders for multiple skeins of yarn; however, we are unable to guarantee all skeins will be the same dye lot.",1370.0,2026-05-10T05:06:49.541Z
039d7a30-f3c6-4279-8280-37f20b81f6aa,ART83SUPERBULK22,81227128,2528420,Yarn Bee Breathe Deep Super Bulky Yarn,Soft Pink - Yarn Bee Breathe Deep Super Bulky Yarn,Yarn Bee,13.99,13.99,9.79,13.99,9.79,9.79,True,False,True,BOTH,6,100% Polyester,6 - Super Bulky,Polyester,pink,100% Polyester,83 Soft Pink,,"12 Stitches x 17 Rows = 4"" x 4""",9mm (US: Size M-13/UK: Size 00),"10 Single Crochet x 11 Rows = 4"" x 4""",10.5 Ounces,303 Yards,1,"Hand Wash, Cold | Do Not Tumble Dry | Do Not Iron | Do Not Bleach | Do Not Dry Clean",Yarn & Needle Art,Yarn & Tools,Yarn,4.2667,60,https://www.hobbylobby.com/yarn-needle-art/yarn-tools/yarn/yarn-bee-breathe-deep-super-bulky-yarn/p/art83superbulk22,https://cdn.media.amplience.net/s/hobbylobby/2528420-81227128-06232025-IMGSET,"Create a colorful world that is as soft as it is stylish with this Yarn Bee Breathe Deep Super Bulky Yarn. This soft yarn features a solid color and is ideal for all kinds of knitted and crocheted creations. Make scarves, blankets, cowls, and home decor items for yourself or a friend. Knit and purl your way to something wonderful! Note: We are aware of the importance of dye lots and make every effort to pull the same dye lot on orders for multiple skeins of yarn; however, we are unable to guarantee all skeins will be the same dye lot.",,2026-05-10T05:09:12.449Z
a4707f91-b646-48f2-a5d4-da00c29240de,CHNKYN22,81077025,2198554,I Love This Chunky Print Yarn ,368 Cinnamon Cedar - I Love This Chunky Print Yarn ,I Love This Chunky,5.49,5.49,3.84,5.49,3.84,3.84,True,False,True,BOTH,8,100% Acrylic,5 - Bulky,Acrylic,multi,100% Acrylic,368 Cinnamon Cedar,6mm (USA: Size 10 - UK: Size 6),"12 Stitches x 16 Rows = 4"" x 4""",6.5mm (USA: Size 10.5 -UK: Size 4),"9 Single Crochet x 11 Rows = 4"" x 4""",3.5 Ounces,109 Yards,1,"Machine Wash, Cold | Do Not Bleach | Tumble Dry, Low | Do Not Iron | Dry Clean, Any Solvents",Yarn & Needle Art,Yarn & Tools,Yarn,4.7246,69,https://www.hobbylobby.com/yarn-needle-art/yarn-tools/yarn/i-love-this-chunky-print-yarn-/p/chnkyn22,https://cdn.media.amplience.net/s/hobbylobby/2198554-81077025-IMGSET,"Add some adorably chunky texture to your handcrafted wares with this I Love This Chunky Print Yarn. Featuring a beautiful mix of colors, this chunky yarn will be the perfect texture and color for a nice scarf, hat, mitten set, and so much more. Knit or crochet your way to pretty and polished goods! Note: We are aware of the importance of dye lots and make every effort to pull the same dye lot on orders for multiple skeins of yarn; however, we are unable to guarantee all skeins will be the same dye lot.",1369.0,2026-05-10T05:12:24.147Z
1abdcf37-32c3-4bbf-97e9-0d64242b8cdf,DS07660,81241513,2574390,Yarn Bee Dream Spun Yarn,Ivory - Yarn Bee Dream Spun Yarn,Yarn Bee,6.49,6.49,4.54,6.49,4.54,4.54,True,False,True,BOTH,12,80% Acrylic & 20% Superwash Wool,5 - Bulky,"Wool Blend, Acrylic Blend",white,80% Acrylic & 20% Superwash Wool,Ivory,8mm (US Size: 11 - UK: Size 0),"12 Stitches x 15 Rows = 4"" x 4""",9mm (US Size: M-13 - UK: Size 00),"8 Single Crochet x 11 Rows = 4"" x 4""",3.5 Ounces,76 Yards,1,"Machine Wash, Cool, Gentle Cycle | Tumble Dry, Low | Do Not Iron | Do Not Bleach | Dry Clean, Any Solvent",Yarn & Needle Art,Yarn & Tools,Yarn,4.3521,71,https://www.hobbylobby.com/yarn-needle-art/yarn-tools/yarn/yarn-bee-dream-spun-yarn/p/ds07660,https://cdn.media.amplience.net/s/hobbylobby/2574390-81241513-07232025-IMGSET,"Design dreamy apparel with this Yarn Bee Dream Spun Yarn! Featuring a vibrant spectrum of hues along a twisted strand, this soft and comfortable yarn is buzzing with color. Spread the love and warmth by giving away striking handmade gifts such as hats, scarves, gloves, shawls, and more! Note: We are aware of the importance of dye lots and make every effort to pull the same dye lot on orders for multiple skeins of yarn; however, we are unable to guarantee all skeins will be the same dye lot.",,2026-05-10T05:11:05.244Z
4f50f65d-b887-4519-b2b9-f097b0f5c6e7,ZI4912-81160656,81160697,2337160,Yarn Bee Braided Basics XXL,Golden Natural - Yarn Bee Braided Basics XXL,Yarn Bee,4.99,4.99,4.99,4.99,,,True,False,,BOTH,3,69% Cotton & 31% Polyester,,"Polyester Blend, Cotton Blend",gold,"63% Cotton, 34% Polyester & 3% Lurex",Golden Natural,8-10mm (USA: Size 11-15/ UK: Size 0-000),"10 Stitches x 18 Rows = 4"" x 4""",8-10mm (USA: Size 11-15 / UK: Size 0-00),"8 Single Crochet x 8 Rows = 4"" x 4""",8.82 Ounces,71 Yards,1,"Wash At Or Below 30 Degrees Celsius | Do Not Bleach | Do Not Tumble Dry | Iron, Low Temp | Do Not Dry Clean",Yarn & Needle Art,Yarn & Tools,Yarn,5.0,8,https://www.hobbylobby.com/yarn-needle-art/yarn-tools/yarn/yarn-bee-braided-basics-xxl/p/zi4912-81160656,https://cdn.media.amplience.net/s/hobbylobby/2337160-81160697-11072023-IMGSET,"Create stylish knitted creations with this Yarn Bee Braided Basics XXL. This yarn features a mix of recycled fibers braided together to form a small cord. Use this yarn for macrame or to accent an outfit for a unique pop of color and texture! *No discounts may be applied to “your price” or “reduced” items. Note: We are aware of the importance of dye lots and make every effort to pull the same dye lot on orders for multiple skeins of yarn; however, we are unable to guarantee all skeins will be the same dye lot.",,2026-05-10T05:06:41.591Z
8a4def4c-6764-470e-9c60-813fd4abb8fe,PRLSPN22,81141707,2296820,Yarn Bee Pearlspun Low Pill Fiber Yarn,12 Malayan Garnet - Yarn Bee Pearlspun Yarn,Yarn Bee,3.99,3.99,2.79,3.99,2.79,2.79,True,False,True,BOTH,12,100% Low Pill Acrylic,4 - Medium,Acrylic,red,100% Low Pill Acrylic,12 Malayan Garnet,5mm (USA: Size 8 - UK: Size 6),"18 Stitches x 23 Rows = 4"" x 4""",5.5mm (USA: Size I-9 - UK: Size 5),"13 Single Crochet x 16 Rows = 4"" x 4""",3.5 Ounces,150 Yards,1,"Machine Wash, Cold | Tumble Dry, Low | Low Iron | Do Not Bleach | Dry Clean, Any Solvent",Yarn & Needle Art,Yarn & Tools,Yarn,4.8923,65,https://www.hobbylobby.com/yarn-needle-art/yarn-tools/yarn/yarn-bee-pearlspun-low-pill-fiber-yarn/p/prlspn22,https://cdn.media.amplience.net/s/hobbylobby/2296820-81141707-IMGSET,"Pilly blankets, hats, and scarves can be frustrating, so knit and crochet with a classic material that's less prone to pilling up! This outstanding Yarn Bee Pearlspun Low Pill Fiber Yarn is made from a kind of acrylic that is resistant to forming pills over time. Its solid color and subtle sheen are perfect for a variety of handmade accessories and attire! Note: We are aware of the importance of dye lots and make every effort to pull the same dye lot on orders for multiple skeins of yarn; however, we are unable to guarantee all skeins will be the same dye lot.",1005.0,2026-05-10T05:06:26.082Z
1be7883d-097f-4e82-b7d5-fa4a55f4d2c5,P81235087,81235091,2554152,Yarn Bee Eternal Bliss Yarn,Black Variegated - Yarn Bee Eternal Bliss Yarn,Yarn Bee,7.99,7.99,5.59,7.99,5.59,5.59,True,False,True,BOTH,5,100% Polyester,7 - Jumbo,Polyester,black,100% Polyester,Black Variegated,25mm (USA: Size 50; UK: Size 25),"2.5 Stitches x 3.5 Rows = 4"" x 4""",25mm (USA: Size U; UK: Size 0),"2 Single Crochet x 2 Rows = 4"" x 4""",8 Ounces,28 Yards,1,"Hand Wash, Cold | Do Not Tumble Dry | Do Not Iron | Do Not Bleach | Do Not Dry Clean",Yarn & Needle Art,Yarn & Tools,Yarn,4.8049,205,https://www.hobbylobby.com/yarn-needle-art/yarn-tools/yarn/yarn-bee-eternal-bliss-yarn/p/p81235087,https://cdn.media.amplience.net/s/hobbylobby/2554152-81235091-07232025-IMGSET,"Create darling works of art with this Yarn Bee Eternal Bliss Yarn. This plush jumbo yarn features a variegated design in a soft color palette. Use this chunky yarn to create pillows, blankets, poufs, and cozy accessories for any season. Note: Due to the variegated nature of this yarn, placement and frequency of color may vary. Note: We are aware of the importance of dye lots and make every effort to pull the same dye lot on orders for multiple skeins of yarn; however, we are unable to guarantee all skeins will be the same dye lot.",,2026-05-10T05:09:28.097Z
ff284fac-7e5d-4442-9b23-ad59971f6f1d,ART48,81079777,2204303,Yarn Bee Ethereal Eyelash Yarn,06 Smoked Lavender - Yarn Bee Ethereal Yarn,Yarn Bee,8.49,8.49,5.94,8.49,5.94,5.94,True,False,True,BOTH,5,75% Acrylic & 25% Polyamide,5 - Bulky,"Polyamide Blend, Acrylic Blend",purple,75% Acrylic & 25% Polyamide,06 Smoked Lavender,7mm (US: Size 11),"14 Stitches x 20 Rows = 4"" x 4""",5mm (US: Size H-8),"12 Single Crochet x 12 Rows = 4"" x 4""",5 Ounces,180 Yards,1,"Machine Wash, Cold | Do Not Bleach | Do Not Tumble Dry | Do Not Iron | Dry Clean, Any Solvent Except Trichloroethylene",Yarn & Needle Art,Yarn & Tools,Yarn,4.7941,68,https://www.hobbylobby.com/yarn-needle-art/yarn-tools/yarn/yarn-bee-ethereal-eyelash-yarn/p/art48,https://cdn.media.amplience.net/s/hobbylobby/2204303-81079777-IMGSET,"Sew in some butterfly kisses when you use this Yarn Bee Ethereal Eyelash Yarn! This yarn is made up of threads in a solid color that have fuzzy embellishments for a unique texture. Whether you knit or crochet, this lush material will help you make a wide range of accessories for yourself or for gifts. Tickle your fancy with eyelash yarn! Note: We are aware of the importance of dye lots and make every effort to pull the same dye lot on orders for multiple skeins of yarn; however, we are unable to guarantee all skeins will be the same dye lot.",1366.0,2026-05-10T05:07:46.199Z
429e83c5-5d7d-4470-b6e5-ee0288b36006,MY349188,80953374,1839836,Metallic I Love This Yarn,766 Teal Sparkle - Metallic I Love This Yarn,I Love this Yarn,4.99,4.99,3.49,4.99,3.49,3.49,True,False,True,BOTH,15,97% Acrylic & 3% Metallic Polyester,4 - Medium,"Polyester Blend, Acrylic Blend",bluegreen,97% Acrylic & 3% Metallic Polyester,766 Teal Sparkle,5mm (USA Size: 8 - UK Size: 6),"18 Stitches x 23 Rows = 4"" x 4""",5.5mm (USA Size: I-9 - UK Size: 5),"12 Single Crochet x 15 Rows = 4"" x 4""",5 Ounces,252 Yards,1,"Machine Wash, Warm | Tumble Dry, Normal | Do Not Iron | Do Not Bleach | Dry Clean, Any Solvent",Yarn & Needle Art,Yarn & Tools,Yarn,4.7738,221,https://www.hobbylobby.com/yarn-needle-art/yarn-tools/yarn/metallic-i-love-this-yarn/p/my349188,https://cdn.media.amplience.net/s/hobbylobby/1839836-80953374-02142025-IMGSET,"Take your knitting and crochet skills to a new level of softness with this Metallic I Love This Yarn. Featuring gorgeous colors with metallic details, this yarn is perfect for hats, scarves, shawls, sweaters, afghans, and much more. Make a one-of-a-kind creation with this dazzling yarn! Note: We are aware of the importance of dye lots and make every effort to pull the same dye lot on orders for multiple skeins of yarn; however, we are unable to guarantee all skeins will be the same dye lot.",2460.0,2026-05-10T05:08:56.142Z
b916a2e4-2772-433e-a323-38823f77409f,CT4912-81160632,81160650,2337137,Yarn Bee Braided Basics Small Yarn,Golden Natural - Yarn Bee Braided Basics Small Yarn,Yarn Bee,4.99,4.99,4.99,4.99,,,True,False,,BOTH,3,,3 - Light,"Polyester Blend, Acrylic Blend",beige,"52% Cotton, 35% Polyester, 8% Viscose & 5% Metallic",Golden Natural,2-6mm (USA: Size 0-10 / UK: Size 14-4),"20 Stitches x 36 Rows = 4"" x 4""",2-4mm Crochet Hook (USA: Size 0-6 / UK: Size 14-8),"16 Single Crochet x 16 Rows = 4"" x 4""",8.82 Ounces,274 Yards,1,"Wash At Or Below 30° Celsius | Do Not Bleach | Do Not Tumble Dry | Iron, Low Temp | Do Not Dry Clean",Yarn & Needle Art,Yarn & Tools,Yarn,4.7391,23,https://www.hobbylobby.com/yarn-needle-art/yarn-tools/yarn/yarn-bee-braided-basics-small-yarn/p/ct4912-81160632,https://cdn.media.amplience.net/s/hobbylobby/2337137-81160650-05212025-IMGSET,"Create stylish handmade creations with this Yarn Bee Braided Basics Small Yarn. This small yarn is made from a variety of recycled fibers woven together to create a braided cord. Use this yarn to make plant hangers, baskets, and other stylish home decor items. *No discounts may be applied to “your price” or “reduced” items. Note: We are aware of the importance of dye lots and make every effort to pull the same dye lot on orders for multiple skeins of yarn; however, we are unable to guarantee all skeins will be the same dye lot.",,2026-05-10T05:07:39.672Z
2a4e94d8-4476-458b-a0e6-1d7015a8eb31,ART64YARN,81080291,2204782,Yarn Bee Fundamental Cotton Yarn,02 Canary - Yarn Bee Fundamental Cotton Yarn,Yarn Bee,5.49,5.49,3.84,5.49,3.84,3.84,True,False,True,BOTH,10,100% Mercerized Cotton,4 - Medium,Cotton,yellow,100% Mercerized Cotton,02 Canary,4mm (US: Size 6 - UK: Size 8),"18 Stitches x 28 Rows = 4"" x 4""",4mm (US: Size J-8 - UK: Size 8),"17 Single Crochet x 18 Rows = 4"" x 4""",3.52 Ounces,164 Yards,1,"Hand Wash, Cold | Dry Flat | Do Not Iron | Do Not Bleach | Dry Clean, Any Solvent",Yarn & Needle Art,Yarn & Tools,Yarn,4.7361,72,https://www.hobbylobby.com/yarn-needle-art/yarn-tools/yarn/yarn-bee-fundamental-cotton-yarn/p/art64yarn,https://cdn.media.amplience.net/s/hobbylobby/2204782-81080291-IMGSET,"Stitch together sturdy items with this Yarn Bee Fundamental Cotton Yarn. This twisted cotton material boasts a solid color that has a silk-like luster. Use it to crochet or knit accessories for every corner of your world to impress your friends and family with your timeless creativity! Note: We are aware of the importance of dye lots and make every effort to pull the same dye lot on orders for multiple skeins of yarn; however, we are unable to guarantee all skeins will be the same dye lot.",1356.0,2026-05-10T05:09:41.038Z
0e214d6f-fc2a-4c76-8ed1-39d33a4a1f6e,SMPFLWLS22,81185118,2423218,Yarn Bee Simply Flawless Yarn,18 Cobblestone - Yarn Bee Simply Flawless Yarn,Yarn Bee,7.49,7.49,5.24,7.49,5.24,5.24,True,False,True,BOTH,9,100% Low Pill Acrylic,3 - Light,Acrylic,blue,100% Low Pill Acrylic,18 Cobblestone,4.5mm (USA Size: 7),"21 Stitches x 30 Rows = 4"" x 4""",3mm (USA Size: D-3),"18 Single Crochet x 18 Rows = 4"" x 4""",5 Ounces,301 Yards,1,"Machine Wash, Cold | Do Not Tumble Dry | Do Not Iron | Do Not Bleach | Dry Clean, Any Solvent Except Trichloroethylene",Yarn & Needle Art,Yarn & Tools,Yarn,4.6429,56,https://www.hobbylobby.com/yarn-needle-art/yarn-tools/yarn/yarn-bee-simply-flawless-yarn/p/smpflwls22,https://cdn.media.amplience.net/s/hobbylobby/2423218-81185118-07052024-IMGSET,"Create a knit or crocheted project with a stunning finish using this Yarn Bee Simply Flawless Yarn. This low-pill acrylic yarn has a soft, lightweight texture and color that's perfect for using on its own or combining with other shades. Use it to make blankets, hats, scarves, shawls, and more! Note: We are aware of the importance of dye lots and make every effort to pull the same dye lot on orders for multiple skeins of yarn; however, we are unable to guarantee all skeins will be the same dye lot.",,2026-05-10T05:09:08.795Z
0c9bf109-b646-479e-b794-d2161aa4329a,P81086999,81087008,1333277,Yarn Bee Scrub-Ology Yarn,06 Silver - Yarn Bee Scrub-Ology Yarn,Yarn Bee,3.99,3.99,2.79,3.99,2.79,2.79,True,False,True,BOTH,8,100% Polyester,4 - Medium,Polyester,silver,100% Polyester,SILVER/06,5mm (USA: Size 8),"18 Stitches x 24 Rows = 4"" x 4""",5.5mm (USA: Size I-9),"14 Single Crotchet x 13 Rows = 4"" x 4""",3 Ounces,174,1,"Machine Wash, Cold | Do Not Tumble Dry | Do Not Iron | Do Not Bleach | Do Not Dry Clean",Yarn & Needle Art,Yarn & Tools,Yarn,4.6296,27,https://www.hobbylobby.com/yarn-needle-art/yarn-tools/yarn/yarn-bee-scrub-ology-yarn/p/p81086999,https://cdn.media.amplience.net/s/hobbylobby/1333277-81087008-02142025-IMGSET,"Create satisfying scrubbies for the kitchen with this Yarn Bee Scrub-Ology Yarn! This yarn features strands of sparkling tinsel attached throughout, with a textured polyester finish perfect for creating dish scrubbers of various shapes and sizes. Add some personalized charm to your kitchen while making cleanup a breeze! Note: We are aware of the importance of dye lots and make every effort to pull the same dye lot on orders for multiple skeins of yarn; however, we are unable to guarantee all skeins will be the same dye lot.",,2026-05-10T05:10:11.152Z
2b38dda6-4ab3-41fe-84f3-225178af8da4,GY68596,96099,340125,Gradient I Love This Yarn,5002 Citrus Punch - Gradient I Love This Yarn,I Love this Yarn,4.99,4.99,3.49,4.99,3.49,3.49,True,False,True,BOTH,3,100% Acrylic,4 - Medium,Acrylic,multi,100% Acrylic,5002 Citrus Punch,5mm (USA Size: 8 - UK Size: 6),"18 Stitches x 23 Rows = 4"" x 4""",5.5mm (USA Size: I-9 - UK Size: 5),"12 Single Crochet x 15 Rows = 4"" x 4""",4 Ounces,202 Yards,1,"Machine Wash, Warm | Machine Dry | Do Not Iron | Do Not Bleach | Dry Cleanable In Any Solvent",Yarn & Needle Art,Yarn & Tools,Yarn,4.5821,67,https://www.hobbylobby.com/yarn-needle-art/yarn-tools/yarn/gradient-i-love-this-yarn/p/gy68596,https://cdn.media.amplience.net/s/hobbylobby/340125-96099-IMGSET,"Knit it your way! Take your knitting and crochet skills to a new level of softness with this unbelievably soft Gradient I Love This Yarn which features a beautiful mix of colors. It is perfect for hats, scarves, shawls, sweaters, afghans, and more. Stay creative and stay warm! Note: We are aware of the importance of dye lots and make every effort to pull the same dye lot on orders for multiple skeins of yarn; however, we are unable to guarantee all skeins will be the same dye lot.",4147.0,2026-05-10T05:12:45.542Z
c2525073-1afc-4fa2-887c-8aa87759eec6,CO74858,81186532,2429843,Baby Bee Cuddly One Yarn,16 Surf Baby - Baby Bee Cuddly One Yarn,Baby Bee,7.99,7.99,5.59,7.99,5.59,5.59,True,False,True,BOTH,9,100% Polyester,7 - Jumbo,Polyester,blue,100% Polyester,16 Surf Baby,15mm (USA: Size 19 - UK: Size 0),"5 Stitches x 6 Rows = 4"" x 4""",15mm (USA: Size P/Q - UK: Size 0),"5 Stitches x 5 Rows = 4"" x 4""",8 Ounces,33 Yards,1,"Hand Wash, Cold | Do Not Tumble Dry | Do Not Iron | Do Not Bleach | Do Not Dry Clean",Yarn & Needle Art,Yarn & Tools,Yarn,4.5625,96,https://www.hobbylobby.com/yarn-needle-art/yarn-tools/yarn/baby-bee-cuddly-one-yarn/p/co74858,https://cdn.media.amplience.net/s/hobbylobby/2429843-81186532-02142025-IMGSET,"Make soft blankets and fun throws with this Baby Bee Cuddly One Yarn. Featuring a plush polyester feel and beautiful colors, this yarn is ideal for all kinds of knitted and crocheted creations. Whether you're searching for a richly textured color or a cushioned and cuddly feel, this yarn will be your go-to! Note: We are aware of the importance of dye lots and make every effort to pull the same dye lot on orders for multiple skeins of yarn; however, we are unable to guarantee all skeins will be the same dye lot.",,2026-05-10T05:10:18.026Z
a84bac85-bf98-41d5-9817-37ed825d97fe,SSSC23,81141509,2296341,Stitch Soak Scrub Yarn,Blue Indigo - Stitch Soak Scrub Yarn,Lion Brand,3.99,3.99,2.79,3.99,2.79,2.79,True,False,True,BOTH,2,100% Nylon,4 - Medium,Nylon,blue,100% Nylon,110BI Blue Indigo,5mm (USA: Size 8),"18 Stitches x 20 Rows = 4"" x 4""",5mm (USA: Size H-8),"15 Stitches x 10 Rows = 4"" x 4""",1.4 Ounces,92 Yards,1,"Machine Wash, Cold, Gentle Cycle | Dry Flat | Do Not Iron | Do Not Bleach | Do Not Dry Clean",Yarn & Needle Art,Yarn & Tools,Yarn,4.4667,15,https://www.hobbylobby.com/yarn-needle-art/yarn-tools/yarn/stitch-soak-scrub-yarn/p/sssc23,https://cdn.media.amplience.net/s/hobbylobby/2296341-81141509-10112024-IMGSET,"Make cleaning your kitchen easy with this Stitch Soak Scrub Yarn. This scrubby yarn is tailored for making homemade scrubbies you can keep by the sink or the tub. It is richly colored, allowing you to personalize your accessory to the color and style of your kitchen. Not just for scrubbing, you can also use this yarn to design fun bags and hand towels. Satisfy your passion for knitting and crochet while creating fun and functional tools with this versatile yarn! Note: We are aware of the importance of dye lots and make every effort to pull the same dye lot on orders for multiple skeins of yarn; however, we are unable to guarantee all skeins will be the same dye lot.",1005.0,2026-05-10T05:11:38.180Z
6b1e97ed-c5b0-469f-b70d-a18707259e47,YN20320,81138695,2286292,Sport Weight I Love This Yarn,400 Amethyst - Sport Weight I Love This Yarn,I Love this Yarn,2.99,4.99,2.09,4.99,2.09,3.49,True,False,True,BOTH,12,100% Acrylic,3 - Light,Acrylic,purple,100% Acrylic,400 Amethyst,4mm (USA: Size 6 - UK: Size 8),"22 Stitches x 24 Rows = 4"" x 4""",5mm (USA: Size H-8 - UK: Size 6),"15 Single Crochet x 19 Rows = 4"" x 4""",2.5 Ounces,230 Yards,1,"Machine Wash, Warm | Tumble Dry, Normal | Do Not Iron | Do Not Bleach | Dry Clean, Any Solvent",Yarn & Needle Art,Yarn & Tools,Yarn,4.4631,149,https://www.hobbylobby.com/yarn-needle-art/yarn-tools/yarn/sport-weight-i-love-this-yarn/p/yn20320,https://cdn.media.amplience.net/s/hobbylobby/2286292-81138695-IMGSET,"Knit it your way! Take your knitting and crochet skills to a new level of softness with this Sport Weight I Love This Yarn. Featuring a lovely color, this yarn is perfect for hats, scarves, shawls, sweaters, afghans, and more. Stay creative and stay warm! Note: We are aware of the importance of dye lots and make every effort to pull the same dye lot on orders for multiple skeins of yarn; however, we are unable to guarantee all skeins will be the same dye lot.",1006.0,2026-05-10T05:10:12.661Z
222c3f74-76f9-4496-90e4-b61d24cb66a7,FM74661,81076241,2195766,Yarn Bee Fur The Moment Yarn,32 Frosted Mauve - Yarn Bee Fur The Moment Yarn,Yarn Bee,6.99,6.99,4.89,6.99,4.89,4.89,True,False,True,BOTH,8,100% Polyester,6 - Super Bulky,Polyester,pink,100% Polyester,32 Frosted Mauve,9mm (USA: Size 13),"11 Stitches x 12 Rows = 4"" x 4""",9mm (USA: M-13),"8 Single Crochet x 8 Rows = 4"" x 4""",3.5 Ounces,62 Yards,1,"Hand Wash, Cold | Dry Flat | Do Not Iron | Do Not Bleach | Do Not Dry Clean",Yarn & Needle Art,Yarn & Tools,Yarn,4.425,80,https://www.hobbylobby.com/yarn-needle-art/yarn-tools/yarn/yarn-bee-fur-the-moment-yarn/p/fm74661,https://cdn.media.amplience.net/s/hobbylobby/2195766-81076241-02142025-IMGSET,"Crochet your way to some of the coziest creations with this Yarn Bee Fur The Moment Yarn! This yarn features faux-fur fibers that you can use to add fluffy details to sweaters, blankets, plushies, and more. Grab your knitting needles or crochet hook and get creative! Note: We are aware of the importance of dye lots and make every effort to pull the same dye lot on orders for multiple skeins of yarn; however, we are unable to guarantee all skeins will be the same dye lot.",1366.0,2026-05-10T05:09:57.983Z
e0692259-f3cf-450b-a688-e49393603d30,OMBY21,55874,588855,Ombre Yarn Bee Soft Secret Yarn,500 Blueberry Hill - Ombre Yarn Bee Soft Secret Yarn,Yarn Bee,5.99,5.99,4.19,5.99,4.19,4.19,True,False,True,BOTH,2,100% Acrylic,4 - Medium,Acrylic,multi,100% Acrylic,500 Blueberry Hill,4.5mm (USA: Size 7 - UK: Size 7),"20 Stitches x 26 Rows = 4"" x 4""",5.5mm (USA Size: H/8 - UK Size: 6),14 Single Crochet x 18 Rows = 4” x 4”,4 Ounces,199 Yards,1,"Machine Wash, Warm, Gentle Or Delicate Cycle | Do Not Bleach | Do Not Iron | Do Not Dry Clean | Tumble Dry, Normal, Low Heat",Yarn & Needle Art,Yarn & Tools,Yarn,4.4,10,https://www.hobbylobby.com/yarn-needle-art/yarn-tools/yarn/ombre-yarn-bee-soft-secret-yarn/p/omby21,https://cdn.media.amplience.net/s/hobbylobby/588855-55874-IMGSET,"You won't find yourself in stitches over this yarn! Featuring strands of various colors, this Ombre Yarn Bee Soft Secret Yarn is perfect for your knitting and crocheting needs. Make soft hats, scarves, blankets, sweaters, mittens, and more. When people ask you how your creations are so soft, just tell them, ""It's a secret."" Note: We are aware of the importance of dye lots and make every effort to pull the same dye lot on orders for multiple skeins of yarn; however, we are unable to guarantee all skeins will be the same dye lot.",3935.0,2026-05-10T05:06:21.129Z
06fc849a-5b14-4df7-8079-effea9b1eb4f,EASYGOING,81235069,2554079,Yarn Bee Easygoing Yarn,Black - Yarn Bee Easygoing Yarn,Yarn Bee,4.99,5.99,3.49,5.99,3.49,4.19,True,False,True,BOTH,9,60% Acrylic & 40% Polyamide,4 - Medium,"Polyamide Blend, Acrylic Blend",black,60% Acrylic & 40% Polyamide,,5mm (USA: Size 8),"18 Stitches x 23 Rows = 4"" x 4""",5.5mm (USA: Size I -9 ),"12 Single Crochet x 15 Rows = 4"" x 4""",3.5 Ounces,175 Yards,1,"Machine Wash, Cold | Tumble Dry Normal | Low Iron | Do Not Bleach | Dry Clean Any Solvent",Yarn & Needle Art,Yarn & Tools,Yarn,4.375,32,https://www.hobbylobby.com/yarn-needle-art/yarn-tools/yarn/yarn-bee-easygoing-yarn/p/easygoing,https://cdn.media.amplience.net/s/hobbylobby/2554079-81235069-05122025-IMGSET,"Give your handmade creations a soft texture when you use this Yarn Bee Easygoing Yarn. This lovely yarn is sure to complement your crafts, decor, and needlework projects with ease. Grab your crochet hooks or knitting needles to get started on your next project! Note: We are aware of the importance of dye lots and make every effort to pull the same dye lot on orders for multiple skeins of yarn; however, we are unable to guarantee all skeins will be the same dye lot.",,2026-05-10T05:12:33.999Z
99930ff2-47d2-4614-9449-1b1f5f75ac23,SI02604,80990617,1963610,Yarn Bee Scrub-Ology Scrub It Yarn,Green Yarn Bee Scrub-Ology Scrub It Yarn,Yarn Bee,4.99,4.99,3.49,4.99,3.49,3.49,True,False,True,BOTH,12,100% Nylon,5 - Bulky,Nylon,green,,,6mm (USA: 10 / UK: Size 4),"15 Stitches x 31 Rows = 4"" x 4""",6mm (USA: J-10 / UK: Size 4),"15 Stitches x 24 Rows = 4"" x 4""",3 Ounces,79 Yards,1,"Hand Wash, Cold | Dry Flat | Do Not Iron | Do Not Bleach | Do Not Dry Clean",Yarn & Needle Art,Yarn & Tools,Yarn,4.3333,171,https://www.hobbylobby.com/yarn-needle-art/yarn-tools/yarn/yarn-bee-scrub-ology-scrub-it-yarn/p/si02604,https://cdn.media.amplience.net/s/hobbylobby/1963610-80990617-02142025-IMGSET,"Keep your creations simple and clean with the help of this Yarn Bee Scrub-Ology Scrub It Yarn. This textured yarn is made out of colorful nylon fibers to give your sewing projects a unique and scrubby finish. Turn it into knitted or crocheted trivets, pot holders, dishcloths, and more! Note: We are aware of the importance of dye lots and make every effort to pull the same dye lot on orders for multiple skeins of yarn; however, we are unable to guarantee all skeins will be the same dye lot.",2059.0,2026-05-10T05:06:34.668Z
e4ca2770-922b-4bb7-903a-4b1e9b56ba67,SC39759,81081115,2206001,Yarn Bee Soft & Sleek Chunky Yarn,620 Spice - Yarn Bee Soft & Sleek Chunky Yarn,Yarn Bee,4.99,4.99,3.49,4.99,3.49,3.49,True,False,True,BOTH,15,100% Low Pill Acrylic,5 - Bulky,Acrylic,red,100% Low Pill Acrylic,620 Spice,6mm (USA: Size 10; UK: Size 6),"13 Stitches x 19 Rows = 4"" x 4""",6.5mm (USA: Size 10 1/2; UK: Size 4),"12 Stitches x 14 Rows = 4"" x 4""",5 Ounces,211 Yards,1,"Machine Wash, Cold | Do Not Bleach | Tumble Dry, Low | Do Not Iron | Dry Clean, Any Solvents",Yarn & Needle Art,Yarn & Tools,Yarn,4.2119,118,https://www.hobbylobby.com/yarn-needle-art/yarn-tools/yarn/yarn-bee-soft-sleek-chunky-yarn/p/sc39759,https://cdn.media.amplience.net/s/hobbylobby/2206001-81081115-02142025-IMGSET,"Take your knitting and crochet skills to a new level of softness with this Yarn Bee Soft & Sleek Chunky Yarn. Featuring a solid color and a low-pill material, this chunky yarn will be the perfect texture and color for blankets, hats, sweaters, and much more. Knit or crochet your way to sleek and polished goods! Note: We are aware of the importance of dye lots and make every effort to pull the same dye lot on orders for multiple skeins of yarn; however, we are unable to guarantee all skeins will be the same dye lot.",1369.0,2026-05-10T05:10:53.790Z
62325b03-d1bd-4823-8815-ed6d835cd498,YN20260,35541,283382,Baby Bee Sweet Delight Wrap Yarn,5116 Softly Baby Bee Sweet Delight Wrap Yarn,Baby Bee,5.99,6.49,4.19,6.49,4.19,4.54,True,False,True,BOTH,2,60% Acrylic & 40% Polyamide,3 - Light,"Polyamide Blend, Acrylic Blend",white,60% Acrylic & 40% Polyamide,5116 Softly,4mm (USA Size: 6),"23 Stitches x 29 Rows = 4"" x 4""",4.5mm (USA Size: 7),"16 Single Crochet x 20 Rows = 4"" x 4""",3.5 Ounces,310 Yards,1,"Machine Wash, Lukewarm | Machine Dry | Do Not Iron | Do Not Bleach | Dry Clean, Any Solvents",Yarn & Needle Art,Yarn & Tools,Yarn,4.1818,11,https://www.hobbylobby.com/yarn-needle-art/yarn-tools/yarn/baby-bee-sweet-delight-wrap-yarn/p/yn20260,https://cdn.media.amplience.net/s/hobbylobby/283382-35541-IMGSET,"Knit or crochet the softest, dreamiest baby items with this Baby Bee Sweet Delight Wrap Yarn. This yarn boasts a lovely blend of colors wrapped around each other for interesting effects in your finished projects. Let your next project be baby-soft and colorful! Note: We are aware of the importance of dye lots and make every effort to pull the same dye lot on orders for multiple skeins of yarn; however, we are unable to guarantee all skeins will be the same dye lot.",3935.0,2026-05-10T05:06:56.657Z
2d3b292d-4409-429b-8fab-edc966e48e34,YBMACROPE22,81070187,2170629,Yarn Bee Braided Basics Rope - 5mm,Lavender - Yarn Bee Braided Basics Rope - 5mm,Yarn Bee,4.99,4.99,4.99,4.99,,,True,False,,BOTH,8,80% Cotton & 20% Polyester,5 - Bulky,"Polyester Blend, Cotton Blend",purple,80% Cotton & 20% Polyester,Lavender,6mm (USA: Size 10 / UK: Size 4),"12 Stitches x 14 Rows = 4"" x 4""",6.5mm (USA: Size K-10 1/2 / UK: Size 3),"9 Stitches x 11 Rows = 4"" x 4""",8.82 Ounces,40 Yards,1,"Machine Wash, Hot, Gentle Cycle | Do Not Bleach | Do Not Tumble Dry | Hot Iron | Dry Clean, Petroleum Solvents",Yarn & Needle Art,Yarn & Tools,Yarn,4.1333,15,https://www.hobbylobby.com/yarn-needle-art/yarn-tools/yarn/yarn-bee-braided-basics-rope---5mm/p/ybmacrope22,https://cdn.media.amplience.net/s/hobbylobby/2170629-81070187-03012024-IMGSET,"Craft stunning handmade creations with this Yarn Bee Braided Basics Rope! This soft rope is made from woven fibers and can be used to craft a variety of decorations and accessories. Use it to make plant hangers, macrame, baskets, and other one-of-a-kind pieces of home decor! *No discounts may be applied to ""your price"" or ""reduced"" items. Note: We are aware of the importance of dye lots and make every effort to pull the same dye lot on orders for multiple skeins of yarn; however, we are unable to guarantee all skeins will be the same dye lot.",1443.0,2026-05-10T05:10:06.007Z
8c582f22-4c87-46a8-8d6b-ef89b10b69fb,TC60715,81235131,2554525,Yarn Bee True Colors Yarn,Pink - Yarn Bee True Colors Yarn,Yarn Bee,4.99,4.99,3.49,4.99,3.49,3.49,True,False,True,BOTH,27,100% Acrylic,6 - Super Bulky,Acrylic,pink,100% Acrylic,Pink,,"10 Stitches x 13 Rows = 4"" x 4""",10mm (USA: Size M/N-13),"9 Single Crochet x 9 Rows = 4"" x 4""",5 Ounces,76 Yards,1,"Machine Wash, Cool | Dry Flat | Do Not Iron | Do Not Bleach | Dry Clean Any Solvent Except Trichloroethylene",Yarn & Needle Art,Yarn & Tools,Yarn,4.1325,83,https://www.hobbylobby.com/yarn-needle-art/yarn-tools/yarn/yarn-bee-true-colors-yarn/p/tc60715,https://cdn.media.amplience.net/s/hobbylobby/2554525-81235131-07182025-IMGSET,"Stay nice and cozy during the cooler weather by creating something with this Yarn Bee True Colors Yarn. This super-bulky yarn is made out of soft acrylic fibers that are perfect to make a fluffy scarf with. Unleash your imagination by crafting blankets, sweaters, and more with this yarn! Note: We are aware of the importance of dye lots and make every effort to pull the same dye lot on orders for multiple skeins of yarn; however, we are unable to guarantee all skeins will be the same dye lot.",,2026-05-10T05:10:27.013Z
8f240194-4908-4a91-9521-209723e5a55d,SD56364,80990787,1964493,Yarn Bee Soft & Sleek DK Yarn,17 White - Yarn Bee Soft & Sleek DK Yarn,Yarn Bee,5.99,5.99,4.19,5.99,4.19,4.19,True,False,True,BOTH,8,100% Low Pill Acrylic,3 - Light,Acrylic,white,100% Low Pill Acrylic,17 White,4mm (USA Size: 6),"22 Stitches x 28 Rows = 4"" x 4""",4.5mm (USA Size: 7),"12 Single Crochet x 17 Rows = 4"" x 4""",4 Ounces,478 Yards,1,"Machine Wash, Cold | Dry Flat | Do Not Iron | Do Not Bleach | Dry Clean, Any Solvent Except Trichloroethylene",Yarn & Needle Art,Yarn & Tools,Yarn,4.1217,189,https://www.hobbylobby.com/yarn-needle-art/yarn-tools/yarn/yarn-bee-soft-sleek-dk-yarn/p/sd56364,https://cdn.media.amplience.net/s/hobbylobby/1964493-80990787-IMGSET,"Stitch together something soft, smooth, and sensational with this Yarn Bee Soft & Sleek DK Yarn! This light yarn with its lovely color will be just the right touch for completing sophisticated projects such as afghans, garments, and baby items. Roll out your best ideas with this double-knitting yarn to create stylish, colorful, and heartwarming gifts and apparel. Note: We are aware of the importance of dye lots and make every effort to pull the same dye lot on orders for multiple skeins of yarn; however, we are unable to guarantee all skeins will be the same dye lot.",2060.0,2026-05-10T05:09:50.703Z
6d5c68e8-6c49-4dd4-bc70-6835fa5b4c45,SO97283,81138688,2286227,Yarn Bee Scrub-Ology Cotton Yarn,See You At Sunset Bee Scrub-Ology Cotton Yarn,Yarn Bee,5.99,5.99,4.19,5.99,4.19,4.19,True,False,True,BOTH,8,100% Cotton,4 - Medium,Cotton,multi,100% Cotton,124 See You At Sunset,5.5mm (USA: Size 9 / UK: Size 5),"18 Stitches x 23 Rows = 4"" x 4""",6.5mm (USA: Size K/10.5 / UK: Size 5),"14 Single Crochet x 16 Rows = 4"" x 4""",3 Ounces,125 Yards,1,"Machine Wash, Cold | Tumble Dry, Low, Normal | Low iron | Do Not Bleach | Dry Clean, Any Solvent",Yarn & Needle Art,Yarn & Tools,Yarn,4.102,49,https://www.hobbylobby.com/yarn-needle-art/yarn-tools/yarn/yarn-bee-scrub-ology-cotton-yarn/p/so97283,https://cdn.media.amplience.net/s/hobbylobby/2286227-81138688-02142025-IMGSET,"Keep your creations simple and clean with the help of this Yarn Bee Scrub-Ology Cotton Yarn. This textured yarn is made out of colorful cotton fibers to give your sewing projects a unique and scrubby finish. Make wonderful kitchen towels or other crocheted projects today! We are aware of the importance of dye lots and make every effort to pull the same dye lot on orders for multiple skeins of yarn; however, we are unable to guarantee all skeins will be the same dye lot.",1005.0,2026-05-10T05:11:37.757Z
1f5cbfad-e079-415e-9ce3-4c03b513a625,ART55YARN,81041569,2099349,Yarn Bee Yarntopia Yarn,20 Cerulean Sea - Yarn Bee Yarntopia Yarn,Yarn Bee,4.49,4.49,3.14,4.49,3.14,3.14,True,False,True,BOTH,12,100% Acrylic,2 - Fine,Acrylic,blue,100% Acrylic,20 Cerulean Sea,3.25mm (USA: Size 3 - UK: Size 10),"24 Stitches x 30 Rows = 4"" x 4""",4.5mm (USA: Size 7 - UK: Size 7),"21 Single Crochet x 23 Rows = 4"" x 4""",4 Ounces,312 Yards,1,"Machine Wash, Warm | Tumble Dry, Normal, Low Heat | Do Not Bleach | Do Not Iron | Do Not Dry Clean",Yarn & Needle Art,Yarn & Tools,Yarn,4.0971,103,https://www.hobbylobby.com/yarn-needle-art/yarn-tools/yarn/yarn-bee-yarntopia-yarn/p/art55yarn,https://cdn.media.amplience.net/s/hobbylobby/2099349-81041569-IMGSET,"Indulge yourself in an ultra-soft accessory made from Yarn Bee Yarntopia Yarn. This lush, fine yarn offers a fuzzy, three-ply fiber in a solid color. Use it to make socks, hats, and more in decadent warmth! Note: We are aware of the importance of dye lots and make every effort to pull the same dye lot on orders for multiple skeins of yarn; however, we are unable to guarantee all skeins will be the same dye lot.",1741.0,2026-05-10T05:08:27.538Z
36197574-0587-4968-ac93-1ba9b1ad7985,ART110,81040506,2095156,Yarn Bee Velvety Smooth Sparkle Yarn,12 Olive - Yarn Bee Velvety Smooth Sparkle Yarn,Yarn Bee,5.49,5.49,3.84,5.49,3.84,3.84,True,False,True,BOTH,9,94% Cotton & 6% Metallic Polyester,4 - Medium,"Polyester Blend, Cotton Blend",green,94% Cotton & 6% Metallic Polyester,12 Olive,5.5mm (USA: Size 9 - UK: Size: 5),"18 Stitches x 20 Rows = 4"" x 4""",6.5mm (USA: Size K-10.5 - UK: Size 3),"11 Stitches x 13 Rows = 4"" x 4""",3.5 Ounces,161 Yards,1,"Machine Wash, Cold | Do Not Bleach | Do Not Tumble Dry | Do Not Iron | Dry Clean, Any Solvent",Yarn & Needle Art,Yarn & Tools,Yarn,4.0,47,https://www.hobbylobby.com/yarn-needle-art/yarn-tools/yarn/yarn-bee-velvety-smooth-sparkle-yarn/p/art110,https://cdn.media.amplience.net/s/hobbylobby/2095156-81040506-IMGSET,"Knit and crochet your way to creations that sparkle and shine with this Yarn Bee Velvety Smooth Sparkle Yarn. Delightfully soft and sporting flecks of tinsel, this medium-weight yarn is perfect for crafting homespun wearables and so much more. Mix and match different colors to open up a whole new realm of possibilities. Note: We are aware of the importance of dye lots and make every effort to pull the same dye lot on orders for multiple skeins of yarn; however, we are unable to guarantee all skeins will be the same dye lot.",1753.0,2026-05-10T05:08:43.769Z
f9b89d02-65bb-4ff0-b2b0-65b3c93c5484,P561212111,81070179,2170546,Yarn Bee Braided Basics String - 3mm,Denim - Yarn Bee Braided Basics String - 3mm,Yarn Bee,4.99,4.99,4.99,4.99,,,True,False,,BOTH,8,,5 - Bulky,"Polyester Blend, Cotton Blend",blue,70% Cotton & 30% Polyester,Denim,6mm (USA: Size 10 / UK: Size 4),"13 Stitches x 10 Rows = 4"" x 4""",6.5mm (USA: Size K-10 1/2 / UK: Size 3),"11 Stitches x 10 Rows = 4"" x 4""",8.82 Ounces,82 Yards,1,"Machine Wash, Cold | Tumble Dry, Normal, Low Heat | Iron, Low | Do Not Bleach | Dry Clean, Any Solvent",Yarn & Needle Art,Yarn & Tools,Yarn,4.0,5,https://www.hobbylobby.com/yarn-needle-art/yarn-tools/yarn/yarn-bee-braided-basics-string---3mm/p/p561212111,https://cdn.media.amplience.net/s/hobbylobby/2170546-81070179-03082024-IMGSET,"Create stunning handmade creations with this Yarn Bee Braided Basics String! This soft string is made from twisted strands with cotton and polyester blended fibers. Use this stylish string to craft a variety of decorations and accessories. *No discounts may be applied to ""your price"" or ""reduced"" items. Note: We are aware of the importance of dye lots and make every effort to pull the same dye lot on orders for multiple skeins of yarn; however, we are unable to guarantee all skeins will be the same dye lot.",1443.0,2026-05-10T05:12:21.540Z
5e77b198-029b-4ab5-a7d8-1b29d76f2b76,YN20610,80790608,1351550,I Love This Chunky Yarn,120 Heathered Brown - I Love This Chunky Yarn,I Love This Chunky,5.49,5.49,3.84,5.49,3.84,3.84,True,False,True,BOTH,5,100% Acrylic,5 - Bulky,Acrylic,brown,100% Acrylic,120 Heathered Brown,6mm (USA: Size 10 - UK: Size 6),"12 Stitches x 16 Rows = 4"" x 4""",6.5mm (USA: Size 10.5 - UK: Size 4),"9 Stitches x 11 Rows = 4"" x 4""",3.5 Ounces,109 Yards,1,"Machine Wash, Cold | Do Not Bleach | Tumble Dry, Low | Do Not Iron | Dry Clean, Any Solvents",Yarn & Needle Art,Yarn & Tools,Yarn,3.9861,72,https://www.hobbylobby.com/yarn-needle-art/yarn-tools/yarn/i-love-this-chunky-yarn/p/yn20610,https://cdn.media.amplience.net/s/hobbylobby/1351550-80790608-IMGSET,"Add some adorably chunky texture to your handcrafted wares with this I Love This Chunky Yarn. Featuring a beautiful color, this chunky yarn will be the perfect texture and color for a nice scarf, hat, mitten set, and so much more. Knit or crochet your way to pretty and polished goods! Note: We are aware of the importance of dye lots and make every effort to pull the same dye lot on orders for multiple skeins of yarn; however, we are unable to guarantee all skeins will be the same dye lot.",3459.0,2026-05-10T05:10:50.691Z
c9c8a1f1-eecd-4257-93b2-1b2e9593137d,ART81YARN,81151692,2101079,Yarn Bee Authentic Hand-Dyed Yarn,54 Market at Malta - Yarn Bee Hand-Dyed Yarn,Yarn Bee,23.99,23.99,16.79,23.99,16.79,16.79,True,False,True,BOTH,6,100% Super Wash Merino Wool,1 - Super Fine,Wool,multi,100% Super Wash Merino Wool,54 Market At Malta,3mm (USA: Size 2.5),"30 Stitches x 32 Rows = 4"" x 4""",3mm (USA: Size C/2),"26 Single Crotchet x 28 Rows = 4"" x 4""",3.5 Ounces,400,1,"Machine Wash, Cold | Do Not Bleach | Dry Flat | Iron, Low | Do Not Tumble Dry",Yarn & Needle Art,Yarn & Tools,Yarn,3.9744,78,https://www.hobbylobby.com/yarn-needle-art/yarn-tools/yarn/yarn-bee-authentic-hand-dyed-yarn/p/art81yarn,https://cdn.media.amplience.net/s/hobbylobby/2101079-81151692-11292023-IMGSET,"Make stunning crochet and knitting pieces with this Yarn Bee Authentic Hand-Dyed Yarn. This super fine, hand-dyed yarn boasts a lovely color scheme. Use it to make hats, scarves, knitted blankets, and other one-of-a-kind accessories! Note: We are aware of the importance of dye lots and make every effort to pull the same dye lot on orders for multiple skeins of yarn; however, we are unable to guarantee all skeins will be the same dye lot.",,2026-05-10T05:08:17.269Z
6de4ba31-5ad2-47bb-8d37-8b5454579723,ART51YARN,81138516,2285765,Yarn Bee Bamboo-Tiful Yarn,26 Plum - Yarn Bee Bamboo-Tiful Yarn,Yarn Bee,5.99,5.99,4.19,5.99,4.19,4.19,True,False,True,BOTH,8,50% Cotton & 50% Viscose,3 - Light,"Viscose Blend, Cotton Blend",purple,50% Cotton & 50% Viscose,26 Plum,4mm (USA: Size 6),"22 Stitches x 24 Rows = 4"" x 4""",4mm (USA: G-6),"18 Single Crochet x 20 Rows = 4"" x 4""",4 Ounces,257 Yards,1,,Yarn & Needle Art,Yarn & Tools,Yarn,3.8621,116,https://www.hobbylobby.com/yarn-needle-art/yarn-tools/yarn/yarn-bee-bamboo-tiful-yarn/p/art51yarn,https://cdn.media.amplience.net/s/hobbylobby/2285765-81138516-IMGSET,"Craft soft wearables in style with this Yarn Bee Bamboo-Tiful Yarn. This lightweight yarn offers a vibrant color on a seven-ply thread. Use it to weave accessories, blankets, and more with a professional finish! Note: We are aware of the importance of dye lots and make every effort to pull the same dye lot on orders for multiple skeins of yarn; however, we are unable to guarantee all skeins will be the same dye lot.",1005.0,2026-05-10T05:10:59.317Z
765df838-7a4c-423d-a8d7-69c9d3054d17,AB46369,81232718,2544039,Baby Bee Adore-A-Ball Yarn,Burnt Pumpkin - Baby Bee Adore-A-Ball Yarn,Baby Bee,4.99,4.99,3.49,4.99,3.49,3.49,True,False,True,BOTH,26,100% Polyester,5 - Bulky,Polyester,orange,100% Polyester,,8mm (USA: Size 11),"12 Stitches x 14 Rows = 4"" x 4""",9mm (USA: Size M-13),"10 Single Crochet x 12 Rows = 4"" x 4""",3.5 Ounces,92 Yards,1,"Machine Wash, Cold, Gentle Cycle | Do Not Tumble Dry | Do Not Iron | Do Not Bleach | Dry Clean Any Solvent",Yarn & Needle Art,Yarn & Tools,Yarn,3.7931,174,https://www.hobbylobby.com/yarn-needle-art/yarn-tools/yarn/baby-bee-adore-a-ball-yarn/p/ab46369,https://cdn.media.amplience.net/s/hobbylobby/2544039-81232718-05122025-IMGSET,"Design colorful and crafty creations for your gorgeous baby with Baby Bee Adore-A-Ball Yarn. This soft, plush yarn is perfect for creating warm wearables for your little one. Use crochet or knitting needles to make adorable pieces! Note: We are aware of the importance of dye lots and make every effort to pull the same dye lot on orders for multiple skeins of yarn; however, we are unable to guarantee all skeins will be the same dye lot.",,2026-05-10T05:07:38.016Z
cb1565c7-bf24-4398-8db4-d3e640f1ada0,VS92612,80990673,1964097,Yarn Bee Velvety Smooth Yarn,13 Pumpkin - Yarn Bee Velvety Smooth Yarn,Yarn Bee,5.49,5.49,3.84,5.49,3.84,3.84,True,False,True,BOTH,12,100% Polyester,5 - Bulky,Polyester,orange,100% Polyester,13 Pumpkin,8mm (US: Size 11 / UK: Size 0),"12 Stitches x 14 Rows = 4"" x 4""",9mm (US: Size M-13 / UK: Size 00),"10 Stitches x 12 Rows = 4"" x 4""",3.5 Ounces,80 Yards,1,"Machine Wash, Warm, Delicate | Dry Flat | Do Not Iron | Do Not Bleach | Dry Clean Safe",Yarn & Needle Art,Yarn & Tools,Yarn,3.781,137,https://www.hobbylobby.com/yarn-needle-art/yarn-tools/yarn/yarn-bee-velvety-smooth-yarn/p/vs92612,https://cdn.media.amplience.net/s/hobbylobby/1964097-80990673-02142025-IMGSET,"Feel the softness of a wonderful and unique yarn as you spend your day creating wonderful knit and crocheted pieces. Yarn Bee Velvety Smooth Yarn features a soft polyester material with a crushed velvet look. Knit, pearl, and repeat to create a one-of-a-kind sweater, blanket, or plush! Note: We are aware of the importance of dye lots and make every effort to pull the same dye lot on orders for multiple skeins of yarn; however, we are unable to guarantee all skeins will be the same dye lot.",2059.0,2026-05-10T05:10:01.377Z
352a10f8-8d34-4879-b909-75507c6ea7ca,SS36356,80953163,1839224,Sparkle Yarn Bee Soft & Sleek Yarn,224 Silver Sparkle - Sparkle Yarn Bee Soft & Sleek Yarn,Yarn Bee,5.49,5.49,3.84,5.49,3.84,3.84,True,False,True,BOTH,2,98% Low Pill Acrylic & 2% Metallic Polyester,4 - Medium,"Polyester Blend, Acrylic Blend",silver,98% Low Pill Acrylic & 2% Metallic Polyester,224 Silver Sparkle,5mm (US: Size 8),"18 Stitches x 23 Rows = 4"" x 4""",6mm (US: Size J-10),"12 Single Crochet x 15 Rows = 4"" x 4""",4 Ounces,186 Yards,1,"Machine Wash, Cold | Dry Flat | Do Not Iron | Do Not Bleach | Dry Clean, Any Solvent Except Trichloroethylene",Yarn & Needle Art,Yarn & Tools,Yarn,3.75,12,https://www.hobbylobby.com/yarn-needle-art/yarn-tools/yarn/sparkle-yarn-bee-soft-sleek-yarn/p/ss36356,https://cdn.media.amplience.net/s/hobbylobby/1839224-80953163-IMGSET,"This fantastic Sparkle Yarn Bee Soft & Sleek Yarn is knit your average yarn! Accented in a solid color with iridescent sparkles, this super soft ribbon features woven shiny threads throughout to add a touch of shine to your knit or crochet projects. Design luxurious and comfortable blankets, socks, hats, scarves, gloves, sweaters, and more! Note: We are aware of the importance of dye lots and make every effort to pull the same dye lot on orders for multiple skeins of yarn; however, we are unable to guarantee all skeins will be the same dye lot.",2454.0,2026-05-10T05:09:12.988Z
f15ac9ac-14be-4223-8c21-fd88d3d192c5,YN20440,81241515,2574416,Yarn Bee Effortless Super Bulky Yarn,Wildbrush - Yarn Bee Effortless Super Bulky Yarn,Yarn Bee,9.99,9.99,6.99,9.99,6.99,6.99,True,False,True,BOTH,10,80% Acrylic & 20% Alpaca,6 - Super Bulky,"Rayon Blend, Alpaca Blend, Acrylic Blend",multi,80% Acrylic & 20% Alpaca,Wildbrush,,"10 Stitches x 12 Rows = 4"" x 4""",10mm (USA: Size N-15 - UK: Size 000),"7 Single Crochet x 8 Rows = 4"" x 4""",6 Ounces,111 Yards,1,"Machine Wash, Cool | Do Not Bleach | Tumble Dry, Gentle Cycle | Do Not Iron | Dry Clean, Any Solvent",Yarn & Needle Art,Yarn & Tools,Yarn,3.7339,109,https://www.hobbylobby.com/yarn-needle-art/yarn-tools/yarn/yarn-bee-effortless-super-bulky-yarn/p/yn20440,https://cdn.media.amplience.net/s/hobbylobby/2574416-81241515-07232025-IMGSET,"Create a stylish accessory or apparel item with this Yarn Bee Effortless Super Bulky Yarn. This yarn is made out of a soft mix of fibers and boasts a stunning array of colors. Its bulky weave makes it ideal for making chunky cardigans and cozy blankets. Use it to knit hats and scarves for the chilly season. Note: We are aware of the importance of dye lots and make every effort to pull the same dye lot on orders for multiple skeins of yarn; however, we are unable to guarantee all skeins will be the same dye lot.",,2026-05-10T05:06:55.999Z
2e9fa51d-e8df-47d6-875b-611421bea737,YN20220,96076,391508,Baby Bee Sweet Delight Yarn,99 Toy Elephant - Baby Bee Sweet Delight Yarn,Baby Bee,6.49,6.49,4.54,6.49,4.54,4.54,True,False,True,BOTH,32,60% Acrylic & 40% Polyamide,3 - Light,"Polyamide Blend, Acrylic Blend",gray,60% Acrylic & 40% Polyamide,99 Toy Elephant,4mm (USA: Size 6 - UK: Size 8),"23 Stitches x 29 Rows = 4"" x 4""",4.5mm (USA: Size 7 - UK: Size 7),"16 Single Crochet x 20 Rows = 4"" x 4""",4 Ounces,377 Yards,1,"Machine Wash, Warm | Do Not Bleach | Do Not Iron | Tumble Dry, Gentle Cycle | Dry Clean, Any Solvent",Yarn & Needle Art,Yarn & Tools,Yarn,3.6859,312,https://www.hobbylobby.com/yarn-needle-art/yarn-tools/yarn/baby-bee-sweet-delight-yarn/p/yn20220,https://cdn.media.amplience.net/s/hobbylobby/391508-96076-02142025-IMGSET,"Keep your adorable baby cozy by knitting a personalized blanket with this Baby Bee Sweet Delight Yarn. This gorgeous yarn features a solid color and is soft to the touch. Make a wonderful creation with the help of the free pattern on the label, and gift it to a special baby in your life! Note: We are aware of the importance of dye lots and make every effort to pull the same dye lot on orders for multiple skeins of yarn; however, we are unable to guarantee all skeins will be the same dye lot.",4147.0,2026-05-10T05:11:41.031Z
13c74707-310c-4009-8ab1-8564dc1a1e13,ART77,81079617,2203792,Yarn Bee Perfectly Plush Yarn,06 Dusty Terracotta - Yarn Bee Plush Yarn,Yarn Bee,9.99,9.99,6.99,9.99,6.99,6.99,False,False,True,BOTH,1,100% Micro Polyester,7 - Jumbo,Polyester,orange,100% Micro Polyester,06 Dusty Terracotta,15mm (USA: Size 19),"5 Stitches x 7 Rows = 4"" x 4""",15mm (USA: P/Q),"5 Single Crochet x 7 Rows = 4"" x 4""",10 Ounces,56 Yards,1,"Hand Wash, Cold | Do Not Tumble Dry | Do Not Iron | Do Not Bleach | Dry Clean, Any Solvent",Yarn & Needle Art,Yarn & Tools,Yarn,4.1667,30,https://www.hobbylobby.com/yarn-needle-art/yarn-tools/yarn/yarn-bee-perfectly-plush-yarn/p/art77,https://cdn.media.amplience.net/s/hobbylobby/2203792-81079617-IMGSET,"Knit cozy, snuggly creations with this Yarn Bee Perfectly Plush Yarn! This jumbo-weight yarn boasts a solid color and a pleasantly soft texture. Turn this lovely fabric into blankets, stuffed plushies, a floor pouf, and more! Note: We are aware of the importance of dye lots and make every effort to pull the same dye lot on orders for multiple skeins of yarn; however, we are unable to guarantee all skeins will be the same dye lot.",1249.0,2026-05-10T05:06:17.471Z
1044f207-1584-4040-80ed-bb8b68389826,DREAM22,81234990,2553733,Yarn Bee Dream Supreme Yarn,Soft Pink - Yarn Bee Dream Supreme Yarn,Yarn Bee,8.99,8.99,6.29,8.99,6.29,6.29,False,False,True,BOTH,3,100% Premium Micro Acrylic,6 - Super Bulky,Acrylic,pink,100% Premium Micro Acrylic,Soft Pink,,"9 Stitches x 13 Rows = 4"" x 4""",7mm (USA: Size L-11),"8 Single Crochet x 8 Rows = 4"" x 4""",8 Ounces,144 Yards,1,"Machine Wash, Cool | Dry Flat | Do Not Iron | Do Not Bleach | Dry Clean Any Solvent Except Trichloroethylene",Yarn & Needle Art,Yarn & Tools,Yarn,4.15,20,https://www.hobbylobby.com/yarn-needle-art/yarn-tools/yarn/yarn-bee-dream-supreme-yarn/p/dream22,https://cdn.media.amplience.net/s/hobbylobby/2553733-81234990-07112025-IMGSET,"Unleash your creativity with this lovely Yarn Bee Dream Supreme Yarn. It features a solid color and a premium micro-acrylic weave, making it perfect for knitting and crocheting. Create stylish wearables, like scarves and cowls, or charming home decor pieces for a friend! Note: We are aware of the importance of dye lots and make every effort to pull the same dye lot on orders for multiple skeins of yarn; however, we are unable to guarantee all skeins will be the same dye lot.",,2026-05-10T05:07:42.646Z
57df65b3-344f-4948-ab0c-554fb4ba86f4,YN201113,80657692,1165794,Lion Brand Ice Cream Yarn,Cotton Candy Lion Brand Ice Cream Yarn,Lion Brand,4.99,4.99,3.49,4.99,3.49,3.49,False,False,True,BOTH,1,100% Acrylic,3 - Light,Acrylic,multi,,,3.75mm (US: Size 5),"22 stitches x 30 rows = 4"" x 4""",5mm (US: Size H-8),"16 single crochet x 20 rows = 4"" x 4""",3.5 Ounces,394 Yards,,,Yarn & Needle Art,Yarn & Tools,Yarn,3.8095,21,https://www.hobbylobby.com/yarn-needle-art/yarn-tools/yarn/lion-brand-ice-cream-yarn/p/yn201113,https://cdn.media.amplience.net/s/hobbylobby/1165794-80657692-IMGSET,"Knit and crochet a delicious assortment of soft creations with Lion Brand Ice Cream Yarn. Featuring a variety of colors, this gorgeous yarn is incredibly soft and perfect for a host of projects. Create baby blankets, afghans, hats, scarves, cowls, and so much more. With soft colors, your finished creation will be ultra sweet. Note: We are aware of the importance of dye lots and make every effort to pull the same dye lot on orders for multiple skeins of yarn; however, we are unable to guarantee all skeins will be the same dye lot.",4147.0,2026-05-10T05:07:54.949Z
9750e288-b8e2-4304-ad30-0e46f760d39b,MM07774,80990762,1964394,Yarn Bee Must Be Merino Aran Yarn,Granite Yarn Bee Must Be Merino Aran Yarn,Yarn Bee,6.99,6.99,4.89,6.99,4.89,4.89,False,False,True,BOTH,1,"50% Merino Wool, 25% Acrylic & 25% Nylon",4 - Medium,"Nylon Blend, Acrylic Blend, Wool Blend",gray,"50% Merino Wool, 25% Acrylic & 25% Nylon",12 Granite,5.5mm (USA: Size 9),"16 Stitches x 28 Rows = 4"" x 4""",6.5mm (USA: 10 1/2),"11 Stitches x 8 Rows = 4"" x 4""",3.5 Ounces,153 Yards,1,"Hand Wash, Cold | Dry Flat | Do Not Iron | Do Not Bleach | Do Not Dry Clean",Yarn & Needle Art,Yarn & Tools,Yarn,3.6,40,https://www.hobbylobby.com/yarn-needle-art/yarn-tools/yarn/yarn-bee-must-be-merino-aran-yarn/p/mm07774,https://cdn.media.amplience.net/s/hobbylobby/1964394-80990762-IMGSET,"Nothing's more soothing than curling up into something you made! Yarn Bee Must Be Merino Aran Yarn is medium sized and features a soft, woven thread in a lovely color. Crochet or knit together blankets, socks, and more with this wool-infused yarn! We are aware of the importance of dye lots and make every effort to pull the same dye lot on orders for multiple skeins of yarn; however, we are unable to guarantee all skeins will be the same dye lot.",2062.0,2026-05-10T05:06:10.292Z
78e60eaf-7218-4a56-9ba4-8c0e583c5c77,CH64952,81076309,2196103,Yarn Bee Chloe Yarn,32 Ombre Sky - Yarn Bee Chloe Yarn,Yarn Bee,7.99,7.99,5.59,7.99,5.59,5.59,False,False,True,BOTH,1,70% Wool & 30% Viscose,4 - Medium,"Nylon Blend, Acrylic Blend, Wool Blend",multi,70% Wool & 30% Viscose,32,,"16 Stitches x 22 Rows = 4"" x 4""",6mm (US: Size J-10),"16 Single Crochet x 22 Rows = 4"" x 4""",3.5 Ounces,270 Yards,1,"Hand Wash, Warm | Dry Flat | Do Not Iron | Do Not Bleach | Do Not Dry Clean",Yarn & Needle Art,Yarn & Tools,Yarn,3.4762,63,https://www.hobbylobby.com/yarn-needle-art/yarn-tools/yarn/yarn-bee-chloe-yarn/p/ch64952,https://cdn.media.amplience.net/s/hobbylobby/2196103-81076309-IMGSET,"Make a delicate accessory with a rich look and feel using Yarn Bee Chloe Yarn. This medium-weight yarn features a lovely shade and is ideal for all kinds of knitted and crocheted creations, from hats and scarves to blankets and socks. This soft yarn will allow you to make a fantastically finished piece to give as a gift or keep for yourself! Note: We are aware of the importance of dye lots and make every effort to pull the same dye lot on orders for multiple skeins of yarn; however, we are unable to guarantee all skeins will be the same dye lot.",1369.0,2026-05-10T05:08:16.411Z
11f371cf-c7bf-4e80-908a-837aac39f16a,YN20240,35548,291245,Baby Bee Sweet Delight Pomp Yarn,236 Pink-a-Boo Baby Bee Sweet Delight Yarn,Baby Bee,5.99,6.49,4.19,6.49,4.19,4.54,False,False,True,BOTH,2,"54% Acrylic, 36% Polyamide & 10% Rayon",3 - Light,"Rayon Blend, Polyamide Blend, Acrylic Blend",pink,"54% Acrylic, 36% Polyamide & 10% Rayon",236 Pink-A-Boo,4mm (USA: Size 6 - UK: Size 8),"23 Stitches x 29 Rows = 4"" x 4""",4.5mm (USA Size: 7 - UK Size: 7),"16 Single Crochet x 20 Rows = 4"" x 4""",4 Ounces,340 Yards,1,"Machine Wash, Lukewarm Water | Dry Flat, Do Not Machine Dry | Do Not Iron | Do Not Bleach | Dry Clean, Any Solvents",Yarn & Needle Art,Yarn & Tools,Yarn,3.4118,17,https://www.hobbylobby.com/yarn-needle-art/yarn-tools/yarn/baby-bee-sweet-delight-pomp-yarn/p/yn20240,https://cdn.media.amplience.net/s/hobbylobby/291245-35548-IMGSET,"Knit or crochet the softest, dreamiest baby items with this Baby Bee Sweet Delight Pomp Yarn. It features a solid color and one metallic ply for a subtle sparkle effect in your finished projects. Give your baby blankets and clothes a boost of shine! Note: We are aware of the importance of dye lots and make every effort to pull the same dye lot on orders for multiple skeins of yarn; however, we are unable to guarantee all skeins will be the same dye lot.",3935.0,2026-05-10T05:09:24.804Z
