product_id,product_name,brand,fiber,yarn_weight,department,category,subcategory,color_family,keywords,availability,on_sale,in_stock,is_new
63498b1b-d173-45c5-874d-d437fdbb8b42,I Love This Yarn,I Love this Yarn,100% Acrylic,4 - Medium,Yarn & Needle Art,Yarn & Tools,Yarn,green,,BOTH,True,True,False
990d04ea-ded8-4247-b8c3-a26d2bd8ce3b,Baby Bee Sweet Delight Twist Yarn,Baby Bee,85% Acrylic & 15% Polyamide,5 - Bulky,Yarn & Needle Art,Yarn & Tools,Yarn,blue,,BOTH,True,True,False
b9ff7cbb-ed0d-49a7-8ae7-a0929105d27b,Yarn Bee Eternal Bliss Yarn,Yarn Bee,100% Polyester,7 - Jumbo,Yarn & Needle Art,Yarn & Tools,Yarn,purple,DIY Gifts - Blankets & Throws,BOTH,True,True,False
472933f7-e3eb-4c42-ade9-5b42052dc318,Yarn Bee Sugarwheel Sparkle Yarn,Yarn Bee,97% Acrylic & 3% Metallic Polyester,4 - Medium,Yarn & Needle Art,Yarn & Tools,Yarn,multi,Yarn Cake,BOTH,True,True,False
85a0e532-9714-4f0d-a13b-0c20729b36c8,I Love This Cotton Yarn,I Love this Cotton,100% Cotton,4 - Medium,Yarn & Needle Art,Yarn & Tools,Yarn,yellow,,BOTH,True,True,False
cab7cee6-b138-4c9d-a82b-5ab85dc662f3,Yarn Bee Soft Secret Yarn,Yarn Bee,100% Acrylic,4 - Medium,Yarn & Needle Art,Yarn & Tools,Yarn,multi,,BOTH,True,True,False
e35f7a5d-d369-4e7d-bd98-30d9cbd883f6,Crafter's Secret Big Idea Yarn,Crafter's Secret,100% Acrylic,4 - Medium,Yarn & Needle Art,Yarn & Tools,Yarn,white,,BOTH,True,True,False
858b99bc-a8a0-405b-b85a-4efc3174aa70,Yarn Bee Beginner Yarn,Yarn Bee,,5 - Bulky,Yarn & Needle Art,Yarn & Tools,Yarn,black,,BOTH,True,True,False
d55a269f-c18c-4fc1-9be8-35f24a676d03,Stonewash Print I Love This Yarn,I Love this Yarn,100% Acrylic,4 - Medium,Yarn & Needle Art,Yarn & Tools,Yarn,blue,,BOTH,True,True,False
f36f2a4f-2785-4a53-93f9-e5ca64898f84,Yarn Bee Mini Maker Yarn,Yarn Bee,100% Acrylic,4 - Medium,Yarn & Needle Art,Yarn & Tools,Yarn,bluegreen,,BOTH,True,True,False
a5bf0255-0c7d-45b9-b3d1-e66faa4fb4b4,Yarn Bee Soft & Sleek Print Yarn,Yarn Bee,100% Low Pill Acrylic,4 - Medium,Yarn & Needle Art,Yarn & Tools,Yarn,blue,,BOTH,True,True,False
f83d6aa1-84c3-41ba-b874-4a02e3d841fd,Yarn Bee Sugarwheel Cotton Sparkle Yarn,Yarn Bee,97% Cotton & 3% Metallic Polyester,3 - Light,Yarn & Needle Art,Yarn & Tools,Yarn,multi,yarn cake,BOTH,True,True,False
8d10c4e5-6261-4c89-bb6f-f8c65da6b31d,Baby Bee Snugs & Kisses Yarn,Baby Bee,100% Polyester,6 - Super Bulky,Yarn & Needle Art,Yarn & Tools,Yarn,brown,,BOTH,True,True,False
a24344ed-65b8-4ff5-8afc-9fa728295093,White Sparkle I Love This Cotton Sparkle Yarn,I Love this Yarn,,,Yarn & Needle Art,Yarn & Tools,Yarn,white,,BOTH,True,True,False
f7f124fe-4817-485a-a880-57a02f179f76,Baby Bee Sweet Delight Chunky Yarn,Baby Bee,80% Acrylic & 20% Polyamide,5 - Bulky,Yarn & Needle Art,Yarn & Tools,Yarn,purple,,BOTH,True,True,False
09d36717-cdea-4256-8c8a-e3867a51372d,Baby Bee Sweet Delight Print Yarn,Baby Bee,60% Acrylic & 40% Polyamide,3 - Light,Yarn & Needle Art,Yarn & Tools,Yarn,pink,,BOTH,True,True,False
cd7a2b7b-4c42-4724-a54b-986ca186ac06,Yarn Bee Soft & Sleek Yarn,Yarn Bee,100% Low Pill Acrylic,4 - Medium,Yarn & Needle Art,Yarn & Tools,Yarn,pink,,BOTH,True,True,False
1184a4bc-22e1-4a38-9c7e-dd41e2d2316e,Yarn Bee Tender Touch Yarn,Yarn Bee,100% Acrylic,5 - Bulky,Yarn & Needle Art,Yarn & Tools,Yarn,brown,,BOTH,True,True,False
ebcdbcbd-5737-4551-ae40-cf80d53b3ec9,Yarn Bee Sugarwheel Yarn,Yarn Bee,97% Acrylic & 3% Metallic Polyester,4 - Medium,Yarn & Needle Art,Yarn & Tools,Yarn,multi,yarn cake,BOTH,True,True,False
4b0f7a27-ba0d-4cf8-aa8f-b907b30b6dec,Baby Bee Adore-A-Ball Bulky Yarn,Baby Bee,100% Polyester,5 - Bulky,Yarn & Needle Art,Yarn & Tools,Yarn,multi,,BOTH,True,True,False
4e16aaa8-ea5a-4997-9085-9a565345baef,Yarn Bee Sugarwheel Cotton Yarn,Yarn Bee,100% Cotton,3 - Light,Yarn & Needle Art,Yarn & Tools,Yarn,multi,Yarn Cake,BOTH,True,True,False
d046fb82-115b-4aa7-a250-fb97d6e98e6e,Yarn Bee Velvety Smooth Aran Yarn,Yarn Bee,100% Polyester,4 - Medium,Yarn & Needle Art,Yarn & Tools,Yarn,blue,,BOTH,True,True,False
f090521a-bfc5-40b4-914d-fec5f88d59a0,Crafter's Secret Variegated Cotton Yarn,Crafter's Secret,100% Cotton,4 - Medium,Yarn & Needle Art,Yarn & Tools,Yarn,multi,,BOTH,True,True,False
599fbbbc-fdce-4ae0-8eb5-294659c3ce75,Baby Bee Soft + Snuggly Yarn,Baby Bee,100% Polyester,4 - Medium,Yarn & Needle Art,Yarn & Tools,Yarn,blue,,BOTH,True,True,False
b8875aaf-48b3-4f87-a6b8-eabf21d733f3,Print I Love This Yarn,I Love this Yarn,100% Acrylic,4 - Medium,Yarn & Needle Art,Yarn & Tools,Yarn,green,,BOTH,True,True,False
cd4a5499-bb2b-4616-8505-9e8d93caf5bc,Tweed I Love This Yarn,I Love this Yarn,97% Acrylic & 3% Viscose,4 - Medium,Yarn & Needle Art,Yarn & Tools,Yarn,yellow,,BOTH,True,True,False
a8efa3a6-8388-43bd-acf4-69c3c7ee5d78,Crafter's Secret Big Idea Yarn,Crafter's Secret,100% Acrylic,4 - Medium,Yarn & Needle Art,Yarn & Tools,Yarn,green,,BOTH,True,True,False
0ffcfb79-c28a-43d0-afac-fbb9827ad2a5,Print I Love This Cotton Yarn,I Love this Cotton,100% Cotton,4 - Medium,Yarn & Needle Art,Yarn & Tools,Yarn,multi,,BOTH,True,True,False
b371bbf1-4cbd-49a4-b5d0-9d8db1da9311,Yarn Bee Bejeweled Sequin Yarn,Yarn Bee,"40% Metallic Polyester, 30% Sequin Polyester & 30% Polyester",1 - Super Fine,Yarn & Needle Art,Yarn & Tools,Yarn,gold,,BOTH,,True,False
23ff6da0-5c40-4c63-be46-58839f5f2e81,Baby Bee Stork Struck Yarn,Baby Bee,50% Lyocell & 50% Acrylic,4 - Medium,Yarn & Needle Art,Yarn & Tools,Yarn,multi,,BOTH,True,True,False
928cc761-f240-4fa7-95b2-d81adaa81013,Yarn Bee Cozy Occasion Yarn,Yarn Bee,100% Polyester,6 - Super Bulky,Yarn & Needle Art,Yarn & Tools,Yarn,multi,,BOTH,True,True,False
0bde45b2-3c1f-410a-bd69-d3479b3b20d4,Crafter's Secret Solid Cotton Yarn,Crafter's Secret,100% Cotton,4 - Medium,Yarn & Needle Art,Yarn & Tools,Yarn,brown,,BOTH,True,True,False
8561296e-0b26-4f76-8a1f-f5f2e2da6202,Ombre Print I Love This Yarn,I Love this Yarn,100% Acrylic,4 - Medium,Yarn & Needle Art,Yarn & Tools,Yarn,blue,,BOTH,True,True,False
ae3eefb7-756e-4b1e-8f33-94ace39e5d15,Yarn Bee Scrub-Ology Cotton Yarn,Yarn Bee,100% Cotton,4 - Medium,Yarn & Needle Art,Yarn & Tools,Yarn,green,,BOTH,True,True,False
039d7a30-f3c6-4279-8280-37f20b81f6aa,Yarn Bee Breathe Deep Super Bulky Yarn,Yarn Bee,100% Polyester,6 - Super Bulky,Yarn & Needle Art,Yarn & Tools,Yarn,pink,,BOTH,True,True,False
a4707f91-b646-48f2-a5d4-da00c29240de,I Love This Chunky Print Yarn ,I Love This Chunky,100% Acrylic,5 - Bulky,Yarn & Needle Art,Yarn & Tools,Yarn,multi,,BOTH,True,True,False
1abdcf37-32c3-4bbf-97e9-0d64242b8cdf,Yarn Bee Dream Spun Yarn,Yarn Bee,80% Acrylic & 20% Superwash Wool,5 - Bulky,Yarn & Needle Art,Yarn & Tools,Yarn,white,,BOTH,True,True,False
4f50f65d-b887-4519-b2b9-f097b0f5c6e7,Yarn Bee Braided Basics XXL,Yarn Bee,69% Cotton & 31% Polyester,,Yarn & Needle Art,Yarn & Tools,Yarn,gold,,BOTH,,True,False
8a4def4c-6764-470e-9c60-813fd4abb8fe,Yarn Bee Pearlspun Low Pill Fiber Yarn,Yarn Bee,100% Low Pill Acrylic,4 - Medium,Yarn & Needle Art,Yarn & Tools,Yarn,red,,BOTH,True,True,False
1be7883d-097f-4e82-b7d5-fa4a55f4d2c5,Yarn Bee Eternal Bliss Yarn,Yarn Bee,100% Polyester,7 - Jumbo,Yarn & Needle Art,Yarn & Tools,Yarn,black,,BOTH,True,True,False
ff284fac-7e5d-4442-9b23-ad59971f6f1d,Yarn Bee Ethereal Eyelash Yarn,Yarn Bee,75% Acrylic & 25% Polyamide,5 - Bulky,Yarn & Needle Art,Yarn & Tools,Yarn,purple,,BOTH,True,True,False
429e83c5-5d7d-4470-b6e5-ee0288b36006,Metallic I Love This Yarn,I Love this Yarn,97% Acrylic & 3% Metallic Polyester,4 - Medium,Yarn & Needle Art,Yarn & Tools,Yarn,bluegreen,,BOTH,True,True,False
b916a2e4-2772-433e-a323-38823f77409f,Yarn Bee Braided Basics Small Yarn,Yarn Bee,,3 - Light,Yarn & Needle Art,Yarn & Tools,Yarn,beige,,BOTH,,True,False
2a4e94d8-4476-458b-a0e6-1d7015a8eb31,Yarn Bee Fundamental Cotton Yarn,Yarn Bee,100% Mercerized Cotton,4 - Medium,Yarn & Needle Art,Yarn & Tools,Yarn,yellow,,BOTH,True,True,False
0e214d6f-fc2a-4c76-8ed1-39d33a4a1f6e,Yarn Bee Simply Flawless Yarn,Yarn Bee,100% Low Pill Acrylic,3 - Light,Yarn & Needle Art,Yarn & Tools,Yarn,blue,,BOTH,True,True,False
0c9bf109-b646-479e-b794-d2161aa4329a,Yarn Bee Scrub-Ology Yarn,Yarn Bee,100% Polyester,4 - Medium,Yarn & Needle Art,Yarn & Tools,Yarn,silver,,BOTH,True,True,False
2b38dda6-4ab3-41fe-84f3-225178af8da4,Gradient I Love This Yarn,I Love this Yarn,100% Acrylic,4 - Medium,Yarn & Needle Art,Yarn & Tools,Yarn,multi,,BOTH,True,True,False
c2525073-1afc-4fa2-887c-8aa87759eec6,Baby Bee Cuddly One Yarn,Baby Bee,100% Polyester,7 - Jumbo,Yarn & Needle Art,Yarn & Tools,Yarn,blue,,BOTH,True,True,False
a84bac85-bf98-41d5-9817-37ed825d97fe,Stitch Soak Scrub Yarn,Lion Brand,100% Nylon,4 - Medium,Yarn & Needle Art,Yarn & Tools,Yarn,blue,,BOTH,True,True,False
6b1e97ed-c5b0-469f-b70d-a18707259e47,Sport Weight I Love This Yarn,I Love this Yarn,100% Acrylic,3 - Light,Yarn & Needle Art,Yarn & Tools,Yarn,purple,,BOTH,True,True,False
222c3f74-76f9-4496-90e4-b61d24cb66a7,Yarn Bee Fur The Moment Yarn,Yarn Bee,100% Polyester,6 - Super Bulky,Yarn & Needle Art,Yarn & Tools,Yarn,pink,,BOTH,True,True,False
e0692259-f3cf-450b-a688-e49393603d30,Ombre Yarn Bee Soft Secret Yarn,Yarn Bee,100% Acrylic,4 - Medium,Yarn & Needle Art,Yarn & Tools,Yarn,multi,,BOTH,True,True,False
06fc849a-5b14-4df7-8079-effea9b1eb4f,Yarn Bee Easygoing Yarn,Yarn Bee,60% Acrylic & 40% Polyamide,4 - Medium,Yarn & Needle Art,Yarn & Tools,Yarn,black,,BOTH,True,True,False
99930ff2-47d2-4614-9449-1b1f5f75ac23,Yarn Bee Scrub-Ology Scrub It Yarn,Yarn Bee,100% Nylon,5 - Bulky,Yarn & Needle Art,Yarn & Tools,Yarn,green,,BOTH,True,True,False
e4ca2770-922b-4bb7-903a-4b1e9b56ba67,Yarn Bee Soft & Sleek Chunky Yarn,Yarn Bee,100% Low Pill Acrylic,5 - Bulky,Yarn & Needle Art,Yarn & Tools,Yarn,red,,BOTH,True,True,False
62325b03-d1bd-4823-8815-ed6d835cd498,Baby Bee Sweet Delight Wrap Yarn,Baby Bee,60% Acrylic & 40% Polyamide,3 - Light,Yarn & Needle Art,Yarn & Tools,Yarn,white,,BOTH,True,True,False
2d3b292d-4409-429b-8fab-edc966e48e34,Yarn Bee Braided Basics Rope - 5mm,Yarn Bee,80% Cotton & 20% Polyester,5 - Bulky,Yarn & Needle Art,Yarn & Tools,Yarn,purple,,BOTH,,True,False
8c582f22-4c87-46a8-8d6b-ef89b10b69fb,Yarn Bee True Colors Yarn,Yarn Bee,100% Acrylic,6 - Super Bulky,Yarn & Needle Art,Yarn & Tools,Yarn,pink,,BOTH,True,True,False
8f240194-4908-4a91-9521-209723e5a55d,Yarn Bee Soft & Sleek DK Yarn,Yarn Bee,100% Low Pill Acrylic,3 - Light,Yarn & Needle Art,Yarn & Tools,Yarn,white,,BOTH,True,True,False
6d5c68e8-6c49-4dd4-bc70-6835fa5b4c45,Yarn Bee Scrub-Ology Cotton Yarn,Yarn Bee,100% Cotton,4 - Medium,Yarn & Needle Art,Yarn & Tools,Yarn,multi,,BOTH,True,True,False
1f5cbfad-e079-415e-9ce3-4c03b513a625,Yarn Bee Yarntopia Yarn,Yarn Bee,100% Acrylic,2 - Fine,Yarn & Needle Art,Yarn & Tools,Yarn,blue,,BOTH,True,True,False
36197574-0587-4968-ac93-1ba9b1ad7985,Yarn Bee Velvety Smooth Sparkle Yarn,Yarn Bee,94% Cotton & 6% Metallic Polyester,4 - Medium,Yarn & Needle Art,Yarn & Tools,Yarn,green,,BOTH,True,True,False
f9b89d02-65bb-4ff0-b2b0-65b3c93c5484,Yarn Bee Braided Basics String - 3mm,Yarn Bee,,5 - Bulky,Yarn & Needle Art,Yarn & Tools,Yarn,blue,,BOTH,,True,False
5e77b198-029b-4ab5-a7d8-1b29d76f2b76,I Love This Chunky Yarn,I Love This Chunky,100% Acrylic,5 - Bulky,Yarn & Needle Art,Yarn & Tools,Yarn,brown,,BOTH,True,True,False
c9c8a1f1-eecd-4257-93b2-1b2e9593137d,Yarn Bee Authentic Hand-Dyed Yarn,Yarn Bee,100% Super Wash Merino Wool,1 - Super Fine,Yarn & Needle Art,Yarn & Tools,Yarn,multi,,BOTH,True,True,False
6de4ba31-5ad2-47bb-8d37-8b5454579723,Yarn Bee Bamboo-Tiful Yarn,Yarn Bee,50% Cotton & 50% Viscose,3 - Light,Yarn & Needle Art,Yarn & Tools,Yarn,purple,,BOTH,True,True,False
765df838-7a4c-423d-a8d7-69c9d3054d17,Baby Bee Adore-A-Ball Yarn,Baby Bee,100% Polyester,5 - Bulky,Yarn & Needle Art,Yarn & Tools,Yarn,orange,,BOTH,True,True,False
cb1565c7-bf24-4398-8db4-d3e640f1ada0,Yarn Bee Velvety Smooth Yarn,Yarn Bee,100% Polyester,5 - Bulky,Yarn & Needle Art,Yarn & Tools,Yarn,orange,,BOTH,True,True,False
352a10f8-8d34-4879-b909-75507c6ea7ca,Sparkle Yarn Bee Soft & Sleek Yarn,Yarn Bee,98% Low Pill Acrylic & 2% Metallic Polyester,4 - Medium,Yarn & Needle Art,Yarn & Tools,Yarn,silver,,BOTH,True,True,False
f15ac9ac-14be-4223-8c21-fd88d3d192c5,Yarn Bee Effortless Super Bulky Yarn,Yarn Bee,80% Acrylic & 20% Alpaca,6 - Super Bulky,Yarn & Needle Art,Yarn & Tools,Yarn,multi,,BOTH,True,True,False
2e9fa51d-e8df-47d6-875b-611421bea737,Baby Bee Sweet Delight Yarn,Baby Bee,60% Acrylic & 40% Polyamide,3 - Light,Yarn & Needle Art,Yarn & Tools,Yarn,gray,,BOTH,True,True,False
13c74707-310c-4009-8ab1-8564dc1a1e13,Yarn Bee Perfectly Plush Yarn,Yarn Bee,100% Micro Polyester,7 - Jumbo,Yarn & Needle Art,Yarn & Tools,Yarn,orange,,BOTH,True,False,False
1044f207-1584-4040-80ed-bb8b68389826,Yarn Bee Dream Supreme Yarn,Yarn Bee,100% Premium Micro Acrylic,6 - Super Bulky,Yarn & Needle Art,Yarn & Tools,Yarn,pink,,BOTH,True,False,False
57df65b3-344f-4948-ab0c-554fb4ba86f4,Lion Brand Ice Cream Yarn,Lion Brand,100% Acrylic,3 - Light,Yarn & Needle Art,Yarn & Tools,Yarn,multi,,BOTH,True,False,False
9750e288-b8e2-4304-ad30-0e46f760d39b,Yarn Bee Must Be Merino Aran Yarn,Yarn Bee,"50% Merino Wool, 25% Acrylic & 25% Nylon",4 - Medium,Yarn & Needle Art,Yarn & Tools,Yarn,gray,,BOTH,True,False,False
78e60eaf-7218-4a56-9ba4-8c0e583c5c77,Yarn Bee Chloe Yarn,Yarn Bee,70% Wool & 30% Viscose,4 - Medium,Yarn & Needle Art,Yarn & Tools,Yarn,multi,,BOTH,True,False,False
11f371cf-c7bf-4e80-908a-837aac39f16a,Baby Bee Sweet Delight Pomp Yarn,Baby Bee,"54% Acrylic, 36% Polyamide & 10% Rayon",3 - Light,Yarn & Needle Art,Yarn & Tools,Yarn,pink,,BOTH,True,False,False
